,timestamp,location,track,week,pacing,rating
0,6/24/2016 7:03:34,NY,Games,1,5,6
1,6/24/2016 7:10:22,NY,Games,1,3,6
2,6/24/2016 7:03:41,NY,Apps,1,3,6
3,6/24/2016 7:04:59,NY,Intro,1,3,8
4,6/24/2016 7:07:02,NY,Intro,1,4,8
5,6/24/2016 7:08:41,NY,Intro,1,4,8
6,6/24/2016 7:09:30,NY,Intro,1,4,8
7,6/24/2016 7:01:03,NY,Games,1,4,8
8,6/24/2016 7:02:43,NY,Games,1,4,8
9,6/24/2016 7:03:48,NY,Games,1,3,8
10,6/24/2016 7:06:04,NY,Games,1,3,8
11,6/24/2016 7:06:24,NY,Games,1,4,8
12,6/24/2016 7:01:19,NY,Apps,1,4,8
13,6/24/2016 7:01:29,NY,Apps,1,4,8
14,6/24/2016 7:02:20,NY,Apps,1,4,8
15,6/24/2016 7:03:24,NY,Apps,1,3,8
16,6/24/2016 7:03:25,NY,Apps,1,4,8
17,6/24/2016 7:03:58,NY,Apps,1,2,8
18,6/24/2016 7:06:59,NY,Apps,1,3,8
19,6/24/2016 7:07:06,NY,Apps,1,4,8
20,6/24/2016 7:08:37,NY,Apps,1,4,8
21,6/24/2016 7:08:51,NY,Apps,1,3,8
22,6/24/2016 7:01:55,NY,Intro,1,3,10
23,6/24/2016 7:03:41,NY,Intro,1,3,10
24,6/24/2016 7:06:21,NY,Intro,1,4,10
25,6/24/2016 7:07:00,NY,Intro,1,4,10
26,6/24/2016 7:04:34,NY,Games,1,3,10
27,6/24/2016 7:08:15,NY,Games,1,3,10
28,6/24/2016 7:12:49,NY,Games,1,4,10
29,6/24/2016 7:03:41,NY,Apps,1,3,10
30,6/24/2016 7:03:58,NY,Apps,1,4,10
31,6/24/2016 7:04:09,NY,Apps,1,3,10
32,6/24/2016 7:04:11,NY,Apps,1,3,10
33,6/24/2016 7:05:51,NY,Apps,1,4,10
34,6/24/2016 7:06:58,NY,Apps,1,4,10
35,6/24/2016 7:07:26,NY,Apps,1,3,10
36,6/24/2016 7:08:43,NY,Apps,1,3,10
37,6/24/2016 7:18:32,NY,Apps,1,4,10
38,6/24/2016 8:22:55,NY,Apps,1,3,10
0,6/24/2016 7:03:34,,Games,,5,6
1,6/24/2016 7:10:22,,Games,,3,6
2,6/24/2016 7:03:41,,Apps,,3,6
3,6/24/2016 7:04:59,,Intro,,3,8
4,6/24/2016 7:07:02,,Intro,,4,8
5,6/24/2016 7:08:41,,Intro,,4,8
6,6/24/2016 7:09:30,,Intro,,4,8
7,6/24/2016 7:01:03,,Games,,4,8
8,6/24/2016 7:02:43,,Games,,4,8
9,6/24/2016 7:03:48,,Games,,3,8
10,6/24/2016 7:06:04,,Games,,3,8
11,6/24/2016 7:06:24,,Games,,4,8
12,6/24/2016 7:01:19,,Apps,,4,8
13,6/24/2016 7:01:29,,Apps,,4,8
14,6/24/2016 7:02:20,,Apps,,4,8
15,6/24/2016 7:03:24,,Apps,,3,8
16,6/24/2016 7:03:25,,Apps,,4,8
17,6/24/2016 7:03:58,,Apps,,2,8
18,6/24/2016 7:06:59,,Apps,,3,8
19,6/24/2016 7:07:06,,Apps,,4,8
20,6/24/2016 7:08:37,,Apps,,4,8
21,6/24/2016 7:08:51,,Apps,,3,8
22,6/24/2016 7:01:55,,Intro,,3,10
23,6/24/2016 7:03:41,,Intro,,3,10
24,6/24/2016 7:06:21,,Intro,,4,10
25,6/24/2016 7:07:00,,Intro,,4,10
26,6/24/2016 7:04:34,,Games,,3,10
27,6/24/2016 7:08:15,,Games,,3,10
28,6/24/2016 7:12:49,,Games,,4,10
29,6/24/2016 7:03:41,,Apps,,3,10
30,6/24/2016 7:03:58,,Apps,,4,10
31,6/24/2016 7:04:09,,Apps,,3,10
32,6/24/2016 7:04:11,,Apps,,3,10
33,6/24/2016 7:05:51,,Apps,,4,10
34,6/24/2016 7:06:58,,Apps,,4,10
35,6/24/2016 7:07:26,,Apps,,3,10
36,6/24/2016 7:08:43,,Apps,,3,10
37,6/24/2016 7:18:32,,Apps,,4,10
38,6/24/2016 8:22:55,,Apps,,3,10
0,8/5/2016 11:13:01,,Apps,,5,10
1,8/5/2016 11:17:11,,Apps,,3,6
2,8/5/2016 11:17:52,,Apps,,3,10
3,8/5/2016 11:18:01,,Apps,,4,10
4,8/5/2016 11:20:15,,Apps,,3,8
5,8/5/2016 11:21:10,,Apps,,3,10
6,8/5/2016 12:11:04,,Apps,,3,10
7,8/5/2016 19:14:21,,Apps,,4,8
8,8/5/2016 11:39:18,,Games,,3,10
9,8/5/2016 12:27:18,,Games,,4,10
10,8/5/2016 11:20:43,,Intro,,3,8
11,8/5/2016 11:38:52,,Intro,,4,8
12,8/5/2016 11:56:23,,Intro,,3,10
13,8/5/2016 12:35:08,,Intro,,3,10
14,8/7/2016 10:45:47,,Intro,,5,8
15,8/5/2016 11:21:38,,VR,,3,10
16,8/8/2016 8:35:18,,VR,,3,2
17,8/8/2016 8:39:01,,VR,,5,6
18,8/8/2016 9:41:39,,VR,,2,4
0,7/15/2016 13:20:35,,,,3,10
1,7/15/2016 13:22:22,,,,3,10
2,7/15/2016 14:35:15,,,,3,10
3,7/15/2016 15:05:10,,,,4,10
4,7/15/2016 15:12:36,,,,3,6
5,7/15/2016 16:59:37,,,,3,8
6,7/15/2016 17:10:52,,,,3,8
7,7/15/2016 19:32:26,,,,3,8
0,7/1/2016 13:27:56,,Apps,,4,6
1,7/1/2016 13:29:33,,Apps,,5,6
2,7/1/2016 13:29:43,,Apps,,3,6
3,7/1/2016 13:30:28,,Apps,,4,6
4,7/1/2016 13:34:11,,Apps,,3,6
5,7/1/2016 13:35:20,,Apps,,3,6
6,7/1/2016 16:35:14,,Apps,,3,6
7,7/1/2016 17:01:13,,Apps,,4,6
8,7/2/2016 9:50:36,,Apps,,3,6
9,7/1/2016 10:36:57,,Games,,3,6
10,7/1/2016 10:41:44,,Games,,5,6
11,7/1/2016 10:47:58,,Games,,3,6
12,7/1/2016 10:56:51,,Games,,3,6
13,7/4/2016 23:02:16,,Intro,,4,6
14,7/1/2016 13:27:10,,Apps,,3,8
15,7/1/2016 13:28:59,,Apps,,3,8
16,7/1/2016 13:29:07,,Apps,,3,8
17,7/1/2016 13:29:40,,Apps,,4,8
18,7/1/2016 13:30:05,,Apps,,4,8
19,7/1/2016 13:30:53,,Apps,,3,8
20,7/1/2016 13:31:04,,Apps,,4,8
21,7/1/2016 13:39:46,,Apps,,3,8
22,7/1/2016 13:41:30,,Apps,,4,8
23,7/1/2016 13:49:17,,Apps,,3,8
24,7/1/2016 15:59:22,,Apps,,3,8
25,7/1/2016 15:59:54,,Apps,,3,8
26,7/1/2016 16:02:57,,Apps,,3,8
27,7/1/2016 16:30:11,,Apps,,4,8
28,7/1/2016 16:32:24,,Apps,,4,8
29,7/1/2016 17:51:29,,Apps,,4,8
30,7/1/2016 9:46:04,,Games,,4,8
31,7/1/2016 9:47:30,,Games,,2,8
32,7/1/2016 10:41:18,,Games,,3,8
33,7/1/2016 10:41:34,,Games,,2,8
34,7/1/2016 10:45:47,,Games,,3,8
35,7/1/2016 13:12:22,,Intro,,3,8
36,7/1/2016 13:19:07,,Intro,,3,8
37,7/1/2016 13:25:54,,Intro,,3,8
38,7/1/2016 13:28:33,,Intro,,4,8
39,7/1/2016 13:29:01,,Intro,,4,8
40,7/1/2016 13:33:15,,Intro,,3,8
41,7/1/2016 13:33:28,,Intro,,3,8
42,7/1/2016 13:29:47,,Apps,,3,10
43,7/1/2016 13:30:07,,Apps,,3,10
44,7/1/2016 13:32:18,,Apps,,4,10
45,7/1/2016 16:01:17,,Apps,,3,10
46,7/1/2016 16:02:10,,Apps,,4,10
47,7/1/2016 16:04:18,,Apps,,3,10
48,7/1/2016 16:44:38,,Apps,,3,10
49,7/1/2016 9:41:30,,Games,,4,10
50,7/1/2016 10:43:14,,Games,,2,10
51,7/1/2016 10:47:06,,Games,,3,10
52,7/1/2016 10:47:57,,Games,,4,10
53,7/1/2016 13:25:32,,Intro,,2,10
54,7/1/2016 13:26:00,,Intro,,5,10
55,7/1/2016 13:28:10,,Intro,,2,10
0,8/5/2016 13:37:43,,Apps,,3,6
1,8/5/2016 13:37:50,,Apps,,3,10
2,8/5/2016 13:39:25,,Apps,,3,6
3,8/5/2016 13:39:27,,Apps,,3,8
4,8/5/2016 13:41:05,,Apps,,3,8
5,8/5/2016 13:43:54,,Apps,,3,8
6,8/5/2016 13:34:26,,Apps,,3,6
7,8/5/2016 13:35:21,,Apps,,3,6
8,8/5/2016 13:35:36,,Apps,,3,10
9,8/5/2016 13:36:39,,Apps,,4,8
10,8/5/2016 13:39:14,,Apps,,3,8
11,8/5/2016 13:36:43,,Apps,,3,8
12,8/5/2016 13:49:53,,Apps,,3,8
13,8/5/2016 13:34:54,,Apps,,3,10
14,8/5/2016 13:38:26,,Apps,,3,8
15,8/5/2016 13:51:09,,Apps,,1,6
16,8/5/2016 13:52:31,,Apps,,2,10
17,8/5/2016 13:35:43,,Apps,,3,10
18,8/5/2016 13:38:05,,Apps,,3,6
19,8/5/2016 13:35:03,,Apps,,3,8
20,8/5/2016 13:36:44,,Apps,,3,4
21,8/5/2016 13:38:33,,Apps,,3,6
22,8/5/2016 13:40:07,,Apps,,4,6
23,8/5/2016 13:34:18,,Apps,,5,10
24,8/5/2016 13:34:53,,Games,,4,10
25,8/5/2016 13:38:00,,Games,,3,6
26,8/5/2016 13:51:41,,Games,,3,10
27,8/5/2016 13:34:04,,Games,,4,10
28,8/5/2016 13:32:40,,Games,,5,10
29,8/5/2016 15:07:12,,Games,,3,8
30,8/5/2016 13:36:23,,Games,,3,8
31,8/5/2016 13:51:20,,Games,,3,10
32,8/5/2016 13:39:45,,Games,,4,8
33,8/5/2016 14:44:00,,Games,,3,10
34,8/5/2016 14:03:39,,Games,,3,6
35,8/5/2016 13:47:15,,Intro,,4,8
36,8/5/2016 13:45:29,,Intro,,3,8
37,8/5/2016 13:49:31,,Intro,,3,10
38,8/5/2016 13:47:02,,Intro,,3,10
39,8/5/2016 13:48:45,,Intro,,3,10
40,8/5/2016 13:44:33,,Intro,,3,10
41,8/5/2016 13:43:43,,Intro,,4,10
42,8/5/2016 13:44:24,,Intro,,4,8
43,8/5/2016 13:43:17,,Intro,,3,8
44,8/5/2016 13:51:18,,Intro,,3,10
45,8/5/2016 13:43:35,,Intro,,2,8
46,8/7/2016 17:45:06,,Apps,,3,6
0,6/23/2016 15:55:12,,,,4,6
1,6/23/2016 16:14:04,,,,4,8
2,6/24/2016 0:18:42,,,,4,8
3,6/24/2016 6:59:42,,,,4,8
4,6/24/2016 9:40:16,,,,5,8
5,6/23/2016 22:07:29,,,,4,10
6,6/24/2016 9:34:14,,,,3,10
0,7/1/2016 16:35:14,,Apps,,3,4
1,7/1/2016 16:10:55,,Apps,,2,6
2,7/1/2016 17:00:26,,Apps,,3,6
3,7/3/2016 14:53:37,,Apps,,3,6
4,7/1/2016 15:35:19,,Apps,,2,8
5,7/1/2016 15:51:23,,Apps,,2,8
6,7/1/2016 16:07:02,,Apps,,5,8
7,7/1/2016 16:07:26,,Apps,,3,8
8,7/1/2016 16:08:19,,Apps,,4,8
9,7/1/2016 16:12:30,,Apps,,4,8
10,7/1/2016 16:19:32,,Apps,,3,8
11,7/1/2016 16:21:07,,Apps,,5,8
12,7/1/2016 16:41:10,,Apps,,3,8
13,7/1/2016 17:06:05,,Apps,,3,8
14,7/1/2016 17:18:27,,Apps,,3,8
15,7/1/2016 19:06:08,,Apps,,2,8
16,7/2/2016 0:32:56,,Apps,,3,8
17,7/1/2016 16:05:40,,Apps,,3,10
18,7/1/2016 16:07:13,,Apps,,2,10
19,7/1/2016 16:07:24,,Apps,,3,10
20,7/1/2016 16:07:58,,Apps,,3,10
21,7/1/2016 16:07:58,,Apps,,4,10
22,7/1/2016 16:08:49,,Apps,,3,10
23,7/1/2016 16:10:20,,Apps,,3,10
24,7/1/2016 16:10:46,,Apps,,2,10
25,7/1/2016 16:12:17,,Apps,,3,10
26,7/1/2016 16:19:33,,Apps,,4,10
27,7/1/2016 16:22:03,,Apps,,3,10
28,7/1/2016 16:10:34,,Games,,4,8
29,7/1/2016 16:23:13,,Games,,5,8
30,7/1/2016 16:07:04,,Games,,3,10
31,7/1/2016 16:15:04,,Games,,3,10
32,7/1/2016 16:15:41,,Games,,3,10
33,7/1/2016 16:16:13,,Games,,3,10
34,7/1/2016 16:17:34,,Games,,3,10
35,7/1/2016 16:18:02,,Games,,3,10
36,7/1/2016 16:18:02,,Games,,3,10
37,7/1/2016 15:40:51,,Intro,,3,6
38,7/1/2016 15:38:22,,Intro,,2,8
39,7/1/2016 15:40:24,,Intro,,3,8
40,7/1/2016 15:40:28,,Intro,,3,8
41,7/1/2016 15:42:15,,Intro,,3,8
42,7/1/2016 15:49:06,,Intro,,4,8
43,7/1/2016 15:50:59,,Intro,,4,8
44,7/1/2016 16:20:36,,Intro,,4,8
45,7/1/2016 17:13:25,,Intro,,4,8
46,7/5/2016 9:48:32,,Intro,,3,8
47,7/5/2016 16:07:37,,Intro,,4,8
48,7/5/2016 16:10:40,,Intro,,3,8
49,7/5/2016 16:11:11,,Intro,,3,8
50,7/1/2016 16:24:01,,Intro,,4,10
51,7/4/2016 18:31:39,,Intro,,3,10
52,7/5/2016 9:39:22,,Intro,,3,10
53,7/5/2016 10:15:27,,Intro,,3,10
54,7/5/2016 16:09:01,,Intro,,3,10
55,7/2/2016 12:45:15,,VR,,3,2
56,7/2/2016 12:49:55,,VR,,3,4
57,7/5/2016 12:00:21,,VR,,3,4
58,7/1/2016 15:35:33,,VR,,3,10
59,7/2/2016 21:55:49,,VR,,3,10
60,7/5/2016 11:30:35,,VR,,3,10
61,7/5/2016 18:24:11,,VR,,3,10
0,7/15/2016 6:28:26,,Apps,,3,10
1,7/15/2016 6:29:53,,Apps,,3,10
2,7/15/2016 6:30:09,,Apps,,3,8
3,7/15/2016 6:30:24,,Apps,,3,8
4,7/15/2016 6:31:29,,Games,,4,8
5,7/15/2016 6:31:36,,Intro,,4,8
6,7/15/2016 6:32:19,,Apps,,4,8
7,7/15/2016 6:36:55,,Apps,,3,10
8,7/15/2016 6:37:43,,Apps,,5,8
9,7/15/2016 6:57:30,,Apps,,3,10
10,7/15/2016 7:03:28,,Apps,,4,8
11,7/15/2016 7:30:38,,Games,,4,8
12,7/15/2016 7:37:15,,Apps,,3,10
13,7/15/2016 7:47:54,,Games,,3,8
14,7/15/2016 10:11:32,,Apps,,3,8
15,7/15/2016 10:18:52,,Apps,,3,8
0,7/1/2016 5:41:15,,,,3,8
1,7/1/2016 8:52:52,,,,3,6
2,7/2/2016 7:49:54,,,,5,6
3,7/3/2016 19:14:57,,,,3,6
4,7/3/2016 19:21:48,,,,4,8
5,7/3/2016 19:27:27,,,,3,8
6,7/3/2016 20:00:26,,,,3,6
7,7/4/2016 3:03:20,,,,3,6
0,8/5/2016 12:34:16,,Apps,,3,6
1,8/5/2016 12:35:50,,Apps,,3,10
2,8/5/2016 12:36:31,,Games,,3,10
3,8/5/2016 12:36:55,,Games,,3,8
4,8/5/2016 12:37:12,,Apps,,3,8
5,8/5/2016 12:37:15,,Intro,,4,8
6,8/5/2016 12:39:02,,Apps,,3,10
7,8/5/2016 12:39:13,,Games,,4,10
8,8/5/2016 12:43:00,,Games,,3,8
9,8/5/2016 12:43:35,,Apps,,3,8
10,8/5/2016 12:45:05,,Intro,,3,10
11,8/5/2016 12:45:58,,Games,,3,6
12,8/5/2016 12:46:09,,Games,,4,10
13,8/5/2016 13:04:11,,Apps,,3,8
14,8/5/2016 13:13:02,,Intro,,3,8
15,8/5/2016 13:37:41,,Apps,,3,8
16,8/5/2016 13:39:55,,Intro,,4,10
0,6/24/2016 14:02:56,,Apps,,2,6
1,6/23/2016 14:48:47,,Apps,,3,6
2,6/24/2016 9:50:50,,Apps,,4,6
3,6/24/2016 13:21:09,,Apps,,5,6
4,6/23/2016 13:21:46,,Apps,,2,8
5,6/24/2016 13:58:52,,Apps,,2,8
6,6/24/2016 14:12:41,,Apps,,2,8
7,6/23/2016 13:19:38,,Apps,,3,8
8,6/24/2016 9:49:30,,Apps,,3,8
9,6/24/2016 9:53:41,,Apps,,3,8
10,6/24/2016 9:54:45,,Apps,,3,8
11,6/24/2016 11:37:05,,Apps,,3,8
12,6/24/2016 11:40:59,,Apps,,3,8
13,6/24/2016 11:46:04,,Apps,,3,8
14,6/24/2016 13:07:03,,Apps,,3,8
15,6/24/2016 13:11:15,,Apps,,3,8
16,6/24/2016 13:20:57,,Apps,,3,8
17,6/24/2016 13:27:16,,Apps,,3,8
18,6/24/2016 13:33:49,,Apps,,3,8
19,6/24/2016 13:37:25,,Apps,,3,8
20,6/24/2016 13:38:57,,Apps,,3,8
21,6/23/2016 16:11:39,,Apps,,4,8
22,6/24/2016 9:51:03,,Apps,,4,8
23,6/24/2016 13:58:11,,Apps,,4,8
24,6/24/2016 14:07:33,,Apps,,4,8
25,6/24/2016 15:34:30,,Apps,,4,8
26,6/24/2016 13:16:51,,Apps,,5,8
27,6/24/2016 14:05:35,,Apps,,5,8
28,6/25/2016 20:09:34,,Apps,,2,8
29,6/24/2016 13:32:30,,Apps,,2,10
30,6/24/2016 14:05:44,,Apps,,2,10
31,6/23/2016 13:17:43,,Apps,,3,10
32,6/23/2016 14:44:06,,Apps,,3,10
33,6/24/2016 9:49:15,,Apps,,3,10
34,6/24/2016 9:49:18,,Apps,,3,10
35,6/24/2016 9:50:06,,Apps,,3,10
36,6/24/2016 9:50:19,,Apps,,3,10
37,6/24/2016 11:34:57,,Apps,,3,10
38,6/24/2016 13:05:10,,Apps,,3,10
39,6/24/2016 13:07:59,,Apps,,3,10
40,6/24/2016 13:09:46,,Apps,,3,10
41,6/24/2016 13:18:32,,Apps,,3,10
42,6/24/2016 13:27:04,,Apps,,3,10
43,6/24/2016 13:27:52,,Apps,,3,10
44,6/24/2016 13:38:21,,Apps,,3,10
45,6/24/2016 13:38:29,,Apps,,3,10
46,6/24/2016 14:01:31,,Apps,,3,10
47,6/24/2016 15:38:31,,Apps,,3,10
48,6/23/2016 13:19:41,,Apps,,4,10
49,6/23/2016 13:19:58,,Apps,,4,10
50,6/24/2016 9:50:59,,Apps,,4,10
51,6/24/2016 9:51:08,,Apps,,4,10
52,6/24/2016 11:05:49,,Apps,,4,10
53,6/24/2016 13:34:12,,Apps,,4,10
54,6/24/2016 15:38:21,,Apps,,4,10
55,6/24/2016 16:23:30,,Apps,,4,10
56,6/25/2016 19:10:35,,Apps,,3,10
57,6/25/2016 21:41:09,,Apps,,3,10
58,6/24/2016 13:34:08,,Games,,3,8
59,6/24/2016 13:36:37,,Games,,3,8
60,6/24/2016 13:39:47,,Games,,4,8
61,6/24/2016 13:32:17,,Games,,3,10
62,6/24/2016 13:34:38,,Games,,3,10
63,6/24/2016 13:35:43,,Games,,3,10
64,6/24/2016 13:36:49,,Games,,3,10
65,6/24/2016 14:11:08,,Games,,3,10
66,6/24/2016 13:35:31,,Games,,4,10
67,6/24/2016 13:45:54,,Games,,4,10
68,6/27/2016 15:01:42,,Intro,,3,6
69,6/24/2016 11:41:34,,Intro,,3,8
70,6/24/2016 11:47:36,,Intro,,3,8
71,6/24/2016 13:36:03,,Intro,,3,8
72,6/24/2016 13:42:02,,Intro,,3,8
73,6/24/2016 13:45:04,,Intro,,3,8
74,6/24/2016 13:47:15,,Intro,,3,8
75,6/24/2016 11:42:30,,Intro,,4,8
76,6/24/2016 12:58:35,,Intro,,4,8
77,6/26/2016 22:45:58,,Intro,,4,8
78,6/24/2016 11:41:47,,Intro,,2,10
79,6/24/2016 11:41:42,,Intro,,3,10
80,6/24/2016 11:53:29,,Intro,,3,10
81,6/24/2016 13:33:35,,Intro,,3,10
82,6/24/2016 13:56:06,,Intro,,3,10
83,6/24/2016 16:19:53,,Intro,,3,10
84,6/24/2016 11:53:20,,Intro,,4,10
85,6/24/2016 14:21:25,,Intro,,4,10
86,6/24/2016 13:20:34,,Intro,,5,10
87,6/24/2016 13:41:56,,Intro,,5,10
88,6/26/2016 23:32:51,,Intro,,3,10
89,6/29/2016 22:39:27,,VR,,3,6
90,6/24/2016 13:30:31,,VR,,3,10
91,6/24/2016 14:41:17,,VR,,3,10
92,6/24/2016 17:29:38,,VR,,3,10
0,6/30/2016 14:09:14,,,,2,8
1,6/30/2016 22:50:08,,,,3,6
2,7/1/2016 9:34:16,,,,4,8
3,7/1/2016 10:42:17,,,,3,8
4,7/1/2016 11:25:53,,,,3,8
5,7/1/2016 11:57:11,,,,3,10
6,7/1/2016 11:58:37,,,,3,10
0,7/15/2016 13:30:19,,Apps,,1,4
1,7/15/2016 13:31:54,,Apps,,3,6
2,7/15/2016 13:35:36,,Apps,,4,8
3,7/15/2016 13:58:34,,Apps,,3,8
4,7/15/2016 14:01:42,,Apps,,3,10
5,7/15/2016 14:09:14,,Apps,,3,8
6,7/15/2016 14:10:40,,Apps,,3,8
7,7/15/2016 14:15:40,,Apps,,3,8
8,7/15/2016 14:26:18,,Apps,,2,8
9,7/15/2016 15:54:39,,Apps,,4,8
10,7/15/2016 15:54:51,,Apps,,3,6
11,7/15/2016 15:55:54,,Apps,,4,8
12,7/15/2016 15:55:56,,Apps,,3,10
13,7/15/2016 15:56:10,,Apps,,3,8
14,7/15/2016 15:56:18,,Apps,,3,10
15,7/15/2016 15:57:37,,Apps,,4,6
16,7/15/2016 15:57:50,,Apps,,3,8
17,7/15/2016 15:58:36,,Apps,,4,8
18,7/15/2016 15:58:47,,Apps,,4,8
19,7/15/2016 16:03:01,,Apps,,4,8
20,7/15/2016 16:06:23,,Apps,,3,10
21,7/15/2016 16:21:10,,Apps,,4,10
22,7/15/2016 16:23:07,,Apps,,3,10
23,7/15/2016 16:55:20,,Apps,,4,8
24,7/15/2016 17:11:41,,Apps,,1,10
25,7/17/2016 9:52:10,,Apps,,3,10
26,7/18/2016 10:35:56,,Apps,,3,8
27,7/15/2016 13:56:01,,Games,,2,10
28,7/15/2016 13:56:03,,Games,,3,10
29,7/15/2016 13:58:40,,Games,,3,8
30,7/15/2016 14:00:09,,Games,,4,8
31,7/15/2016 14:00:41,,Games,,4,8
32,7/15/2016 15:51:03,,Games,,5,10
33,7/15/2016 15:57:04,,Games,,3,10
34,7/15/2016 15:58:21,,Games,,3,6
35,7/15/2016 14:03:03,,Intro,,4,10
0,6/24/2016 13:32:01,,Games,,4,4
1,6/24/2016 13:48:09,,Apps,,4,6
2,6/24/2016 13:49:23,,Apps,,3,6
3,6/24/2016 13:53:25,,Apps,,5,6
4,6/24/2016 13:55:19,,Apps,,3,6
5,6/24/2016 13:41:53,,Games,,3,6
6,6/24/2016 13:46:23,,Apps,,4,8
7,6/24/2016 13:46:42,,Apps,,3,8
8,6/24/2016 13:47:24,,Apps,,3,8
9,6/24/2016 13:47:25,,Apps,,4,8
10,6/24/2016 13:47:36,,Apps,,3,8
11,6/24/2016 13:48:00,,Apps,,4,8
12,6/24/2016 13:48:29,,Apps,,4,8
13,6/24/2016 13:48:48,,Apps,,3,8
14,6/24/2016 13:49:35,,Apps,,4,8
15,6/24/2016 13:50:37,,Apps,,3,8
16,6/24/2016 13:51:11,,Apps,,4,8
17,6/24/2016 13:51:13,,Apps,,4,8
18,6/24/2016 13:52:06,,Apps,,3,8
19,6/24/2016 13:52:21,,Apps,,3,8
20,6/24/2016 13:52:50,,Apps,,5,8
21,6/24/2016 13:53:03,,Apps,,3,8
22,6/24/2016 13:55:00,,Apps,,3,8
23,6/24/2016 13:59:24,,Apps,,3,8
24,6/24/2016 13:28:35,,Games,,4,8
25,6/24/2016 13:31:45,,Games,,4,8
26,6/24/2016 13:32:49,,Games,,4,8
27,6/24/2016 13:34:57,,Games,,3,8
28,6/24/2016 13:39:47,,Games,,4,8
29,6/24/2016 13:45:39,,Games,,3,8
30,6/24/2016 14:10:46,,Games,,4,8
31,6/24/2016 14:12:14,,Games,,3,8
32,6/24/2016 14:12:35,,Games,,4,8
33,6/24/2016 13:44:44,,Intro,,4,8
34,6/24/2016 13:45:54,,Intro,,3,8
35,6/24/2016 13:49:54,,Intro,,4,8
36,6/24/2016 13:50:04,,Intro,,3,8
37,6/24/2016 13:50:19,,Intro,,4,8
38,6/24/2016 13:51:46,,Intro,,3,8
39,6/24/2016 13:53:22,,Intro,,3,8
40,6/24/2016 13:55:06,,Intro,,3,8
41,6/24/2016 13:47:09,,Apps,,3,10
42,6/24/2016 13:47:20,,Apps,,3,10
43,6/24/2016 13:47:25,,Apps,,3,10
44,6/24/2016 13:49:23,,Apps,,3,10
45,6/24/2016 13:50:25,,Apps,,3,10
46,6/24/2016 13:50:34,,Apps,,3,10
47,6/24/2016 13:50:54,,Apps,,4,10
48,6/24/2016 13:51:20,,Apps,,4,10
49,6/24/2016 13:53:34,,Apps,,3,10
50,6/24/2016 13:54:13,,Apps,,4,10
51,6/24/2016 13:54:38,,Apps,,4,10
52,6/24/2016 13:30:55,,Games,,4,10
53,6/24/2016 13:33:00,,Games,,2,10
54,6/24/2016 13:34:13,,Games,,3,10
55,6/24/2016 14:05:25,,Games,,4,10
56,6/24/2016 13:44:05,,Intro,,3,10
57,6/24/2016 13:45:50,,Intro,,2,10
58,6/24/2016 13:47:01,,Intro,,3,10
59,6/24/2016 13:49:01,,Intro,,3,10
60,6/24/2016 13:49:44,,Intro,,3,10
61,6/24/2016 13:50:23,,Intro,,3,10
0,8/5/2016 11:22:50,,Intro,,2,6
1,8/5/2016 11:23:13,,Intro,,3,10
2,8/5/2016 11:24:20,,Games,,2,8
3,8/5/2016 11:29:26,,Intro,,3,8
4,8/5/2016 11:31:08,,Games,,3,8
5,8/5/2016 11:57:53,,Games,,3,10
6,8/5/2016 13:23:30,,Intro,,4,8
7,8/5/2016 13:58:27,,Games,,3,10
8,8/5/2016 14:00:14,,Games,,3,10
0,7/15/2016 2:45:00,,,,3,8
1,7/15/2016 2:45:11,,,,4,8
2,7/15/2016 2:48:37,,,,3,6
3,7/15/2016 2:53:18,,,,3,8
4,7/15/2016 2:56:09,,,,4,6
5,7/15/2016 4:37:33,,,,3,8
6,7/15/2016 19:59:23,,,,3,8
7,7/15/2016 20:46:14,,,,4,6
8,7/17/2016 19:06:22,,,,3,8
0,7/15/2016 15:26:38,,Apps,,3,10
1,7/15/2016 15:31:37,,Apps,,3,8
2,7/15/2016 15:32:59,,Apps,,4,8
3,7/15/2016 16:18:00,,Apps,,4,6
4,7/15/2016 16:19:09,,Apps,,4,8
5,7/15/2016 16:21:25,,Apps,,4,6
6,7/15/2016 17:34:39,,Apps,,3,8
7,7/15/2016 20:20:33,,Apps,,3,10
8,7/15/2016 20:39:49,,Apps,,3,8
9,7/16/2016 12:46:10,,Apps,,3,8
10,7/17/2016 16:27:57,,Apps,,2,10
11,7/15/2016 15:30:54,,Games,,3,8
12,7/15/2016 15:54:54,,Games,,3,8
13,7/15/2016 19:08:37,,Games,,4,10
14,7/16/2016 9:18:45,,Games,,5,10
15,7/17/2016 17:05:09,,Games,,3,10
16,7/14/2016 14:05:15,,Intro,,4,10
17,7/14/2016 14:06:20,,Intro,,4,6
18,7/14/2016 15:04:21,,Intro,,4,8
19,7/14/2016 15:47:33,,Intro,,5,6
20,7/15/2016 15:15:37,,Intro,,4,8
21,7/15/2016 16:03:37,,Intro,,3,8
22,7/15/2016 16:05:04,,Intro,,3,6
23,7/15/2016 16:20:07,,Intro,,3,8
24,7/16/2016 13:12:50,,Intro,,3,10
25,7/17/2016 21:45:33,,Intro,,4,8
26,7/19/2016 11:46:56,,Intro,,3,10
27,7/15/2016 17:02:43,,VR,,3,10
28,7/16/2016 18:46:18,,VR,,3,8
29,7/18/2016 8:27:48,,VR,,4,6
30,7/18/2016 8:35:24,,VR,,4,6
0,7/1/2016 6:41:31,,Apps,,2,6
1,7/1/2016 9:27:32,,Apps,,4,6
2,7/1/2016 6:46:34,,Games,,5,6
3,7/1/2016 6:47:56,,Games,,3,6
4,7/1/2016 6:33:45,,Apps,,3,8
5,7/1/2016 6:35:15,,Apps,,4,8
6,7/1/2016 6:36:41,,Apps,,3,8
7,7/1/2016 6:41:43,,Apps,,3,8
8,7/1/2016 7:00:39,,Apps,,2,8
9,7/1/2016 8:58:54,,Apps,,4,8
10,7/1/2016 10:32:25,,Apps,,3,8
11,7/1/2016 6:30:49,,Games,,4,8
12,7/1/2016 6:43:54,,Games,,4,8
13,7/1/2016 7:02:22,,Games,,4,8
14,7/1/2016 6:27:37,,Intro,,3,8
15,7/1/2016 6:31:09,,Intro,,3,8
16,7/1/2016 6:31:31,,Intro,,4,8
17,7/1/2016 6:46:33,,Intro,,3,8
18,7/1/2016 6:27:51,,Apps,,3,10
19,7/1/2016 6:30:01,,Apps,,3,10
20,7/1/2016 6:30:05,,Apps,,3,10
21,7/1/2016 6:33:55,,Apps,,4,10
22,7/1/2016 6:36:10,,Apps,,3,10
23,7/1/2016 6:41:54,,Apps,,4,10
24,7/1/2016 6:27:48,,Games,,4,10
25,7/1/2016 6:31:02,,Intro,,3,10
26,7/1/2016 6:31:12,,Intro,,3,10
27,7/1/2016 6:36:15,,Intro,,3,10
0,7/8/2016 7:36:11,,,,3,8
1,7/8/2016 22:05:05,,,,3,10
0,7/8/2016 15:56:20,,Apps,,2,6
1,7/8/2016 16:02:55,,Apps,,3,10
2,7/8/2016 16:19:51,,Apps,,3,6
3,7/8/2016 16:34:12,,Apps,,3,2
4,7/8/2016 16:39:27,,Apps,,2,10
5,7/8/2016 16:46:21,,Apps,,5,10
6,7/8/2016 17:33:28,,Apps,,5,6
7,7/9/2016 14:23:38,,Apps,,3,10
8,7/10/2016 20:55:08,,Apps,,3,10
9,7/8/2016 15:58:04,,Games,,3,10
10,7/8/2016 16:08:03,,Games,,4,10
11,7/8/2016 15:55:12,,Intro,,3,10
12,7/8/2016 15:56:10,,Intro,,3,8
13,7/8/2016 15:58:45,,Intro,,3,8
14,7/8/2016 16:40:17,,Intro,,4,8
15,7/8/2016 18:34:39,,Intro,,3,10
16,7/9/2016 8:14:45,,Intro,,3,10
17,7/8/2016 16:23:15,,VR,,3,10
18,7/8/2016 16:27:30,,VR,,4,8
19,7/8/2016 17:18:49,,VR,,5,2
20,7/8/2016 19:14:34,,VR,,4,8
21,7/11/2016 12:10:26,,Intro,,4,6
22,7/11/2016 12:39:56,,Intro,,4,8
0,7/22/2016 13:29:33,,Apps,,5,10
1,7/22/2016 13:35:20,,Apps,,3,10
2,7/22/2016 13:36:39,,Apps,,3,8
3,7/22/2016 13:37:15,,Apps,,3,8
4,7/22/2016 13:40:21,,Apps,,3,10
5,7/22/2016 13:44:52,,Apps,,4,8
6,7/22/2016 13:50:50,,Games,,5,6
7,7/22/2016 13:50:50,,Apps,,4,8
8,7/22/2016 13:51:22,,Apps,,4,10
9,7/22/2016 13:51:35,,Games,,3,8
10,7/22/2016 13:51:36,,Apps,,3,8
11,7/22/2016 13:51:44,,Games,,4,8
12,7/22/2016 13:52:05,,Intro,,3,8
13,7/22/2016 13:52:19,,Apps,,3,8
14,7/22/2016 13:52:41,,Games,,3,10
15,7/22/2016 13:53:19,,Apps,,3,8
16,7/22/2016 13:53:31,,Games,,3,10
17,7/22/2016 13:53:56,,Apps,,3,8
18,7/22/2016 13:54:46,,Games,,3,10
19,7/22/2016 13:54:52,,Apps,,3,10
20,7/22/2016 13:57:13,,Games,,3,8
0,7/29/2016 0:19:08,,,,3,10
1,7/29/2016 0:22:41,,,,3,8
2,7/29/2016 0:23:17,,,,3,10
0,7/29/2016 13:46:28,,Apps,,3,8
1,7/29/2016 13:52:16,,Apps,,3,10
2,7/29/2016 16:10:41,,Apps,,4,10
3,7/29/2016 15:10:27,,Apps,,3,8
4,7/29/2016 14:18:21,,Apps,,3,6
5,7/29/2016 15:25:45,,Apps,,3,6
6,7/29/2016 16:41:48,,Apps,,3,8
7,7/29/2016 15:26:20,,Apps,,3,10
8,7/29/2016 13:20:33,,Apps,,2,4
9,7/29/2016 13:24:45,,Apps,,3,8
10,7/29/2016 13:47:43,,Apps,,3,6
11,7/29/2016 15:31:26,,Apps,,3,10
12,7/29/2016 15:28:06,,Apps,,2,10
13,7/29/2016 13:44:38,,Games,,3,6
14,7/29/2016 15:36:04,,Games,,3,8
15,7/29/2016 13:26:06,,Games,,3,8
16,7/29/2016 15:02:27,,Games,,3,10
17,7/29/2016 15:15:48,,Games,,3,8
18,7/29/2016 13:35:17,,Games,,4,8
19,7/29/2016 13:27:19,,Games,,4,8
20,7/29/2016 14:40:29,,Games,,4,6
21,7/29/2016 15:06:33,,Games,,3,8
22,7/29/2016 15:17:23,,Games,,4,8
23,7/29/2016 13:23:48,,Games,,2,8
24,7/29/2016 13:17:25,,Intro,,3,10
25,7/29/2016 13:19:14,,Intro,,2,10
26,7/29/2016 13:17:38,,Intro,,3,10
27,7/29/2016 13:46:22,,Intro,,4,10
28,7/29/2016 13:21:13,,Intro,,4,6
29,7/29/2016 13:11:56,,Intro,,3,8
30,7/29/2016 13:15:55,,Intro,,3,8
31,7/29/2016 13:16:10,,Intro,,3,8
32,7/29/2016 13:19:58,,Intro,,3,8
33,7/29/2016 13:17:35,,Intro,,3,10
34,7/29/2016 13:24:51,,Intro,,2,8
0,7/22/2016 16:15:37,,Games,,2,6
1,7/22/2016 16:16:07,,Intro,,3,8
2,7/22/2016 16:16:20,,Intro,,3,10
3,7/22/2016 16:17:04,,Games,,3,8
4,7/22/2016 16:17:09,,Intro,,3,8
5,7/22/2016 16:18:23,,Games,,3,8
6,7/22/2016 16:18:45,,Intro,,3,10
7,7/22/2016 16:19:58,,Games,,4,8
8,7/22/2016 16:20:25,,Games,,4,10
9,7/22/2016 16:20:30,,Intro,,3,10
10,7/22/2016 16:23:12,,Games,,3,8
11,7/22/2016 16:23:19,,Games,,3,8
0,7/29/2016 1:07:23,,,,3,10
1,7/29/2016 1:08:46,,,,4,10
2,7/29/2016 1:11:16,,,,3,10
3,7/29/2016 1:13:23,,,,3,10
4,7/29/2016 1:13:56,,,,3,8
5,7/29/2016 1:17:27,,,,3,8
6,7/29/2016 1:22:25,,,,4,6
7,7/29/2016 1:27:55,,,,3,6
8,7/29/2016 1:28:54,,,,2,10
9,7/29/2016 1:29:23,,,,4,8
10,7/29/2016 1:46:49,,,,4,10
11,7/29/2016 21:20:05,,,,3,10
0,7/8/2016 12:52:08,,Games,,2,10
1,7/9/2016 15:22:45,,Apps,,3,10
7,7/8/2016 16:40:10,,Apps,,4,6
9,7/8/2016 13:53:19,,Apps,,4,6
10,7/8/2016 15:59:30,,Apps,,2,6
5,7/8/2016 14:42:40,,Apps,,3,10
20,7/8/2016 16:55:21,,Apps,,3,6
21,7/8/2016 16:08:13,,Games,,3,6
2,7/8/2016 21:26:01,,Games,,3,8
3,7/8/2016 13:52:01,,Apps,,3,8
4,7/8/2016 14:00:28,,Apps,,4,8
11,7/8/2016 16:11:32,,Apps,,4,10
12,7/8/2016 12:49:05,,Games,,5,10
6,7/8/2016 14:03:46,,Apps,,4,8
14,7/8/2016 12:47:42,,Games,,3,10
15,7/8/2016 12:43:44,,Intro,,3,10
8,7/8/2016 13:58:12,,Apps,,4,8
17,7/8/2016 14:02:54,,Games,,3,10
18,7/8/2016 14:29:22,,Games,,3,10
19,7/9/2016 17:05:33,,Games,,2,10
13,7/8/2016 12:49:16,,Games,,3,8
16,7/8/2016 13:55:51,,Apps,,3,8
22,7/8/2016 13:56:39,,Apps,,3,8
23,7/8/2016 14:03:35,,Apps,,2,8
24,7/8/2016 13:51:14,,Games,,5,8
25,7/8/2016 12:41:10,,Intro,,4,8
26,7/8/2016 12:41:13,,Intro,,4,8
27,7/8/2016 12:41:51,,Intro,,3,8
28,7/8/2016 12:43:35,,Intro,,3,8
29,7/8/2016 12:45:11,,Intro,,3,8
30,7/8/2016 12:47:39,,Intro,,3,8
31,7/8/2016 13:01:58,,Intro,,4,8
32,7/10/2016 23:44:41,,Games,,4,8
34,7/8/2016 16:41:06,,Apps,,3,10
35,7/8/2016 13:07:39,,Games,,3,10
36,7/8/2016 12:45:02,,Intro,,3,10
0,7/29/2016 19:18:44,,,,3,8
1,7/29/2016 23:12:48,,,,5,10
2,7/30/2016 5:46:01,,,,3,10
3,7/30/2016 7:02:47,,,,3,8
4,7/31/2016 7:40:14,,,,5,6
5,7/31/2016 8:34:29,,,,3,10
0,7/31/2016 1:04:57,,,,4,6
1,7/31/2016 3:38:14,,,,3,8
2,7/31/2016 3:59:43,,,,1,8
3,7/31/2016 4:19:51,,,,2,8
4,7/31/2016 5:14:20,,,,4,10
5,7/31/2016 6:50:12,,,,3,6
6,7/31/2016 15:23:52,,,,5,10
7,7/31/2016 16:49:45,,,,2,8
8,8/1/2016 1:18:47,,,,4,6
9,8/1/2016 1:30:17,,,,3,10
10,8/1/2016 1:30:17,,,,3,10
11,8/1/2016 6:15:10,,,,4,8
12,8/1/2016 7:56:08,,,,3,8
0,7/29/2016 15:17:19,,Apps,,3,8
1,7/29/2016 16:21:52,,Apps,,4,6
2,7/29/2016 16:22:54,,Apps,,3,4
3,7/29/2016 16:54:46,,Apps,,3,8
4,7/29/2016 22:40:39,,Apps,,4,6
5,7/31/2016 23:10:54,,Apps,,3,10
6,7/30/2016 11:06:02,,Apps,,3,2
7,7/29/2016 15:23:30,,Apps,,3,6
8,7/29/2016 15:29:56,,Apps,,3,10
9,7/29/2016 15:34:35,,Apps,,3,8
10,7/29/2016 15:25:23,,Apps,,3,10
11,7/29/2016 15:17:52,,Games,,3,10
12,7/29/2016 15:14:11,,Games,,3,10
13,7/29/2016 15:13:01,,Games,,3,8
14,7/29/2016 17:07:36,,Games,,4,10
15,7/29/2016 15:50:15,,Games,,4,10
16,7/29/2016 15:36:20,,Games,,4,6
17,7/29/2016 18:46:09,,Intro,,3,10
18,7/29/2016 16:09:44,,Intro,,3,10
19,7/29/2016 15:00:35,,Intro,,4,6
20,7/29/2016 15:02:01,,Intro,,3,10
21,7/29/2016 15:09:17,,Intro,,3,10
22,7/30/2016 9:00:15,,VR,,3,8
23,7/29/2016 21:45:54,,VR,,4,8
24,7/30/2016 13:09:48,,VR,,3,8
0,6/23/2016 22:24:53,,,,3,4
1,6/27/2016 4:03:03,,,,3,4
2,6/23/2016 22:13:04,,,,3,6
3,6/23/2016 22:09:23,,,,4,8
4,6/23/2016 22:11:39,,,,4,8
5,6/23/2016 22:11:44,,,,4,8
6,6/23/2016 22:13:25,,,,3,8
7,6/23/2016 22:15:33,,,,3,8
8,6/23/2016 22:41:02,,,,4,8
9,6/23/2016 23:56:36,,,,3,8
10,6/25/2016 22:17:48,,,,3,8
11,6/23/2016 22:13:09,,,,5,10
0,,,Apps,,3,6
1,,,Apps,,3,8
2,,,Apps,,3,8
3,,,Apps,,4,8
4,,,Apps,,3,6
5,,,Apps,,3,10
6,,,Apps,,2,6
7,,,Apps,,3,10
8,,,Apps,,3,2
9,,,Apps,,3,8
10,,,Apps,,3,10
11,,,Apps,,4,8
12,,,Apps,,4,6
13,,,Games,,3,8
14,,,Games,,3,10
15,,,Games,,5,2
16,,,Games,,3,10
17,,,Games,,3,8
18,,,Games,,3,10
19,,,Intro,,2,10
20,,,Intro,,3,8
21,,,Intro,,5,6
22,,,Intro,,3,10
23,,,Intro,,4,10
24,,,Intro,,3,10
25,,,Intro,,3,10
26,,,Intro,,3,10
27,,,Intro,,2,10
28,,,Intro,,3,10
29,,,Intro,,3,10
30,,,Intro,,3,8
31,,,Intro,,3,10
32,,,Intro,,3,10
33,,,Intro,,4,8
34,,,Intro,,3,10
35,,,Intro,,3,10
36,,,VR,,4,10
37,,,VR,,4,10
38,,,VR,,4,8
39,,,VR,,3,10
40,,,Intro,,3,6
41,,,Intro,,3,6
0,7/8/2016 6:21:11,,Apps,,3,8
1,7/8/2016 6:21:29,,Apps,,3,10
2,7/8/2016 6:21:35,,Intro,,3,8
3,7/8/2016 6:21:46,,Apps,,3,10
4,7/8/2016 6:22:10,,Apps,,2,8
5,7/8/2016 6:22:35,,Games,,4,8
6,7/8/2016 6:22:50,,Intro,,4,8
7,7/8/2016 6:23:09,,Apps,,3,10
8,7/8/2016 6:23:28,,Games,,4,8
9,7/8/2016 6:23:49,,Intro,,4,8
10,7/8/2016 6:23:50,,Games,,4,8
11,7/8/2016 6:24:25,,Apps,,4,8
12,7/8/2016 6:26:03,,Apps,,3,8
13,7/8/2016 6:26:30,,Games,,3,8
14,7/8/2016 6:26:40,,Apps,,4,10
15,7/8/2016 6:26:49,,Apps,,3,8
16,7/8/2016 6:27:01,,Games,,4,8
17,7/8/2016 6:27:14,,Games,,4,10
18,7/8/2016 6:27:31,,Intro,,4,8
19,7/8/2016 6:27:49,,Apps,,4,8
20,7/8/2016 6:28:49,,Games,,3,10
21,7/8/2016 6:28:56,,Intro,,4,6
22,7/8/2016 6:29:05,,Apps,,3,10
23,7/8/2016 6:33:10,,Apps,,3,10
24,7/8/2016 6:36:23,,Intro,,4,8
25,7/8/2016 6:36:36,,Games,,3,10
26,7/8/2016 6:38:24,,Games,,3,10
27,7/8/2016 12:14:54,,Apps,,3,8
0,8/5/2016 1:39:41,,,,3,6
1,8/5/2016 1:40:47,,,,3,8
2,8/5/2016 1:40:50,,,,3,8
3,8/5/2016 1:42:44,,,,4,8
4,8/5/2016 1:45:13,,,,4,10
5,8/5/2016 1:45:39,,,,3,8
6,8/5/2016 1:49:21,,,,3,8
7,8/8/2016 1:30:34,,,,3,10
8,8/8/2016 1:33:45,,,,3,10
9,8/8/2016 1:49:29,,,,3,10
10,8/8/2016 1:51:00,,,,3,6
0,7/22/2016 1:30:17,,,,3,8
1,7/22/2016 1:36:59,,,,3,8
2,7/22/2016 1:42:08,,,,4,8
3,7/22/2016 1:49:13,,,,3,8
4,7/22/2016 1:50:35,,,,4,8
5,7/22/2016 3:08:20,,,,3,8
6,7/22/2016 19:26:57,,,,3,8
7,7/22/2016 22:37:46,,,,3,6
8,7/23/2016 18:59:21,,,,3,8
9,7/23/2016 23:28:39,,,,3,8
10,7/24/2016 11:16:24,,,,2,4
0,7/31/2016 8:43:57,,Games,,3,10
1,7/31/2016 11:28:09,,Intro,,3,10
2,7/31/2016 13:22:31,,Games,,1,6
3,8/1/2016 1:39:51,,Games,,3,2
4,8/1/2016 9:40:14,,Intro,,3,10
5,8/1/2016 9:40:14,,Intro,,3,10
6,8/1/2016 10:03:22,,Games,,3,10
7,8/1/2016 10:04:06,,Games,,3,8
8,8/1/2016 10:06:45,,Intro,,4,8
9,8/1/2016 11:22:56,,Games,,4,8
0,7/8/2016 10:31:27,,,,2,8
1,7/8/2016 13:45:52,,,,4,8
2,7/8/2016 13:47:42,,,,3,8
3,7/8/2016 13:47:59,,,,3,8
4,7/8/2016 14:12:24,,,,3,8
5,7/8/2016 14:13:39,,,,4,10
0,7/21/2016 21:57:59,,,,3,8
1,7/21/2016 21:59:37,,,,3,10
2,7/21/2016 22:01:53,,,,3,10
0,7/22/2016 12:52:43,,Apps,,3,8
1,7/22/2016 12:53:47,,Apps,,3,10
2,7/23/2016 14:14:16,,Apps,,3,6
3,7/22/2016 14:37:17,,Apps,,3,4
4,7/22/2016 12:49:36,,Games,,3,8
5,7/22/2016 12:50:23,,Games,,3,8
6,7/22/2016 12:53:36,,Apps,,3,10
7,7/22/2016 13:11:42,,Apps,,3,6
8,7/22/2016 14:03:30,,Apps,,3,10
9,7/22/2016 14:25:23,,Apps,,4,8
10,7/22/2016 14:54:14,,Apps,,3,8
11,7/22/2016 14:26:04,,Apps,,3,10
12,7/22/2016 12:45:30,,Intro,,4,8
13,7/22/2016 14:25:54,,Apps,,3,10
14,7/22/2016 12:47:59,,Apps,,5,8
15,7/22/2016 16:21:04,,Apps,,2,4
16,7/22/2016 14:25:46,,Apps,,3,8
17,7/22/2016 15:53:14,,Apps,,4,10
18,7/22/2016 18:00:51,,Apps,,4,6
19,7/22/2016 12:51:51,,Apps,,4,8
20,7/22/2016 14:26:06,,Apps,,3,8
21,7/22/2016 14:27:03,,Apps,,3,8
22,7/22/2016 14:28:15,,Apps,,4,6
23,7/22/2016 12:43:02,,Games,,3,10
24,7/22/2016 12:46:29,,Games,,3,10
25,7/22/2016 12:50:31,,Games,,5,8
26,7/22/2016 14:26:59,,Games,,3,8
27,7/22/2016 14:27:45,,Intro,,3,8
28,7/22/2016 12:45:12,,Intro,,3,8
29,7/22/2016 13:00:34,,Intro,,3,10
30,7/22/2016 14:40:12,,Intro,,3,8
31,7/22/2016 12:44:15,,Intro,,3,8
32,7/22/2016 12:45:16,,Intro,,3,10
33,7/22/2016 12:49:41,,Intro,,4,8
34,7/22/2016 12:52:37,,Intro,,2,8
35,7/22/2016 12:52:51,,Intro,,3,10
36,7/22/2016 15:24:21,,Games,,5,6
37,7/22/2016 15:54:08,,Games,,2,10
38,7/22/2016 15:24:25,,Games,,3,6
39,7/22/2016 12:45:22,,Games,,3,10
40,7/22/2016 14:04:51,,Games,,3,10
0,7/29/2016 6:54:22,,Apps,,2,4
1,7/29/2016 6:55:40,,Apps,,3,8
2,7/29/2016 7:26:56,,Apps,,4,8
3,7/29/2016 9:46:08,,Apps,,3,10
4,7/29/2016 11:17:08,,Games,,3,10
5,7/29/2016 13:11:59,,Intro,,3,8
6,7/29/2016 13:13:36,,Apps,,3,6
7,7/29/2016 13:14:07,,Apps,,3,10
8,7/29/2016 13:14:32,,Games,,3,6
9,7/29/2016 13:15:14,,Apps,,3,8
10,7/29/2016 13:17:10,,Intro,,4,10
11,7/29/2016 13:17:26,,Intro,,3,8
12,7/29/2016 13:17:34,,Apps,,3,10
13,7/29/2016 13:17:36,,Apps,,1,4
14,7/29/2016 13:17:47,,Intro,,3,8
15,7/29/2016 13:17:56,,Apps,,3,8
16,7/29/2016 13:19:10,,Intro,,3,10
17,7/29/2016 13:19:53,,Games,,3,8
18,7/29/2016 13:21:00,,Apps,,5,10
19,8/5/2016 12:40:44,,Games,,3,8
0,9/7/16 1:03,New York,Apps,8,,10
1,9/7/16 1:03,San Francisco,Intro,8,,10
2,9/7/16 1:03,New York,Intro,8,,10
3,9/7/16 1:04,Sunnyvale,Apps,8,,9
4,9/7/16 1:04,San Francisco,Intro,8,,3
5,9/7/16 1:09,San Francisco,Apps,8,,10
6,9/7/16 1:04,San Francisco,Apps,8,,8
7,9/7/16 1:14,New York,Games,8,,3
8,9/7/16 1:16,Singapore,Apps,8,,6
9,9/7/16 1:22,New York,Games,8,,9
10,9/7/16 1:28,Sunnyvale,Games,8,,10
11,9/7/16 1:22,San Francisco,VR,8,,10
12,9/7/16 1:30,San Francisco,Intro,8,,8
13,9/7/16 1:47,Sunnyvale,Apps,8,,8
14,9/7/16 1:34,Los Angeles,Games,8,,8
15,9/7/16 2:28,San Francisco,Apps,8,,10
16,9/7/16 2:39,Sunnyvale,Games,8,,9
17,9/7/16 2:39,New York,Games,8,,10
18,9/7/16 2:47,Singapore,Apps,8,,7
19,9/7/16 2:56,San Francisco,Intro,8,,10
20,9/7/16 2:58,San Francisco,Apps,8,,10
21,9/7/16 2:59,Sunnyvale,Games,8,,10
22,9/7/16 3:05,New York,Intro,8,,4
23,9/7/16 3:22,San Francisco,Games,8,,9
24,9/7/16 3:15,Sunnyvale,Games,8,,10
25,9/7/16 3:41,Sunnyvale,Apps,8,,9
26,9/7/16 4:04,San Francisco,Intro,8,,10
27,9/7/16 4:07,Sunnyvale,Apps,8,,10
28,9/7/16 4:20,Sunnyvale,Games,8,,7
29,9/7/16 5:41,San Francisco,Games,8,,10
30,9/7/16 6:30,Sunnyvale,Apps,8,,9
31,9/7/16 7:55,Sunnyvale,Apps,8,,8
32,9/7/16 10:52,Sunnyvale,Games,8,,5
33,9/7/16 11:47,Singapore,Apps,8,,8
34,9/7/16 9:16,Singapore,Apps,8,,9
35,9/7/16 12:26,Singapore,Apps,8,,9
36,9/7/16 12:45,San Francisco,Apps,8,,10
37,9/7/16 13:09,New York,Intro,8,,10
38,9/7/16 14:39,San Francisco,Apps,8,,9
39,9/7/16 14:52,New York,Apps,8,,10
40,9/7/16 15:57,Sunnyvale,Apps,8,,8
41,9/7/16 17:11,San Francisco,Apps,8,,10
42,9/7/16 19:13,San Francisco,VR,8,,9
43,9/7/16 19:23,New York,Apps,8,,7
44,9/7/16 19:39,San Francisco,Apps,8,,10
45,9/7/16 19:51,Los Angeles,Games,8,,10
46,9/7/16 23:58,Sunnyvale,Intro,8,,10
47,9/8/16 0:50,New York,Apps,8,,8
48,9/8/16 1:55,San Francisco,Games,8,,10
49,9/8/16 5:59,Sunnyvale,Apps,8,,7
50,9/8/16 14:25,Los Angeles,Games,8,,10
51,9/8/16 22:00,San Francisco,Games,8,,8
52,9/8/16 22:16,New York,Apps,8,,8
53,9/8/16 23:06,San Francisco,Apps,8,,10
54,9/8/16 23:01,San Francisco,Apps,8,,7
55,9/9/16 1:41,San Francisco,Intro,8,,7
56,9/9/16 4:22,San Francisco,Intro,8,,10
57,9/9/16 11:06,San Francisco,Apps,8,,9
58,9/9/16 13:24,New York,Games,8,,10
59,9/10/16 22:28,San Francisco,Games,8,,8
60,9/12/16 0:05,San Francisco,Apps,8,,9
61,9/13/16 4:36,San Francisco,VR,8,,5
62,9/7/16 5:08,San Francisco,Games,8,,10
63,9/14/16 12:04,San Francisco,Intro,8,,9
64,9/26/16 16:33,Sunnyvale,Games,8,,9
0,,San Francisco,"Apps, Explorer",1,Just right,3
1,,Los Angeles,Apps,1,A little too fast,4
2,,San Francisco,Games,1,Way too slow,4
3,,,,2,A little too fast,4
4,,New York City,"Apps, Explorer",1,Just right,4
5,,Redwood City,Apps,1,Just right,5
6,,Los Angeles,Apps,7,Just right,5
7,,San Francisco,Apps,1,A little too slow,5
8,,Santa Clara,Apps,1,A little too slow,5
9,,Santa Clara,Apps,1,Just right,5
10,,Redwood City,Apps,2,Just right,5
11,,Oakland,Apps,2,Just right,5
12,,San Francisco,Apps,2,Way too fast,5
13,,Washington DC,Apps,1,Just right,5
14,,Washington DC,"Apps, Explorer",1,A little too slow,5
15,,,,3,A little too slow,5
16,,Redwood City,Apps,3,Just right,5
17,,New York City,Apps,1,A little too slow,5
18,,San Francisco,"Apps, Explorer",3,Just right,5
19,,Santa Clara,Apps,3,Just right,5
20,,Los Angeles,Games,1,Just right,6
21,,Chicago,"Apps, Explorer",1,Just right,6
22,,Chicago,Apps,1,A little too slow,6
23,,Chicago,Apps,1,A little too slow,6
24,,San Francisco,Apps,1,A little too fast,6
25,,San Francisco,Apps,1,A little too fast,6
26,,San Francisco,"Apps, Explorer",1,Just right,6
27,,Santa Clara,Apps,2,Just right,6
28,,San Francisco,"Apps, Explorer",2,Just right,6
29,,San Francisco,Apps,2,Way too fast,6
30,,Santa Clara,Apps,2,Just right,6
31,,Washington DC,Apps,1,Way too fast,6
32,,Redwood City,Apps,3,A little too slow,6
33,,,,1,A little too slow,6
34,,New York City,Games,1,A little too fast,6
35,,New York City,Apps,1,Just right,6
36,,Santa Clara,Games,3,Way too slow,6
37,,Santa Clara,Apps,3,Just right,6
38,,San Francisco,"Apps, Explorer",3,Just right,6
39,,San Francisco,Apps,3,Way too fast,6
40,,San Francisco,"Apps, Explorer",3,Just right,6
41,,San Francisco,Apps,3,A little too fast,6
42,,Oakland,Apps,3,A little too slow,6
43,,,,1,A little too slow,6
44,,Redwood City,Apps,1,A little too slow,7
45,,Los Angeles,Apps,1,A little too fast,7
46,,Los Angeles,Apps,1,Just right,7
47,,Chicago,Apps,1,A little too fast,7
48,,San Francisco,VR,1,A little too slow,7
49,,San Francisco,Apps,1,A little too fast,7
50,,San Francisco,Apps,1,Just right,7
51,,San Francisco,Apps,1,A little too fast,7
52,,San Francisco,Apps,1,A little too fast,7
53,,Santa Clara,Apps,1,A little too fast,7
54,,San Francisco,Apps,1,A little too fast,7
55,,San Francisco,"Apps, Explorer",1,A little too fast,7
56,,San Francisco,Games,1,Just right,7
57,,San Francisco,"Apps, Explorer",1,Just right,7
58,,Santa Clara,Apps,1,Just right,7
59,,San Francisco,"Apps, Explorer",1,Just right,7
60,,San Francisco,"Apps, Explorer",1,A little too fast,7
61,,San Francisco,Apps,1,Just right,7
62,,Redwood City,Apps,2,Just right,7
63,,Chicago,Apps,2,A little too slow,7
64,,Santa Clara,Apps,2,Just right,7
65,,Santa Clara,Apps,2,A little too fast,7
66,,Los Angeles,Apps,2,A little too fast,7
67,,San Francisco,"Apps, Explorer",2,Just right,7
68,,San Francisco,"Apps, Explorer",2,Just right,7
69,,San Francisco,"Apps, Explorer",2,Just right,7
70,,San Francisco,Apps,2,A little too fast,7
71,,San Francisco,Apps,2,A little too fast,7
72,,San Francisco,Apps,2,A little too fast,7
73,,San Francisco,Apps,2,A little too fast,7
74,,San Francisco,Games,2,Just right,7
75,,Atlanta,"Apps, Explorer",2,A little too fast,7
76,,Washington DC,Apps,1,Just right,7
77,,Oakland,Apps,2,A little too slow,7
78,,Redwood City,Apps,3,Just right,7
79,,Redwood City,Apps,3,Just right,7
80,,Washington DC,Apps,2,Just right,7
81,,New York City,Apps,1,Just right,7
82,,New York City,Apps,1,A little too slow,7
83,,New York City,Games,1,Just right,7
84,,New York City,Games,1,Just right,7
85,,New York City,Apps,1,Just right,7
86,,Chicago,Apps,3,A little too fast,7
87,,Chicago,Apps,3,A little too fast,7
88,,Chicago,"Apps, Explorer",3,Just right,7
89,,Santa Clara,Apps,3,A little too fast,7
90,,Santa Clara,Apps,3,A little too slow,7
91,,San Francisco,Apps,3,Just right,7
92,,Santa Clara,Apps,3,A little too fast,7
93,,,,3,Just right,7
94,,Washington DC,Apps,2,Way too fast,7
95,,New York City,"Apps, Explorer",1,Just right,7
96,,Atlanta,"Apps, Explorer",1,Just right,8
97,,Atlanta,Apps,1,Just right,8
98,,Atlanta,"Apps, Explorer",1,Just right,8
99,,Atlanta,Apps,1,A little too slow,8
100,,Redwood City,Apps,1,A little too slow,8
101,,San Francisco,"Apps, Explorer",1,Way too fast,8
102,,Redwood City,Apps,1,A little too slow,8
103,,Redwood City,Apps,1,Just right,8
104,,Los Angeles,Apps,1,A little too fast,8
105,,Los Angeles,Games,1,A little too fast,8
106,,Chicago,Apps,1,A little too fast,8
107,,Chicago,Apps,1,Just right,8
108,,Chicago,"Apps, Explorer",1,Just right,8
109,,San Francisco,VR,1,Just right,8
110,,San Francisco,VR,1,Just right,8
111,,San Francisco,Apps,1,Just right,8
112,,San Francisco,Apps,1,A little too fast,8
113,,San Francisco,Apps,1,Just right,8
114,,San Francisco,"Apps, Explorer",1,A little too slow,8
115,,Santa Clara,Apps,1,Just right,8
116,,San Francisco,"Apps, Explorer",1,Just right,8
117,,Oakland,Apps,1,A little too fast,8
118,,Santa Clara,Games,1,Just right,8
119,,Santa Clara,Apps,1,Just right,8
120,,Santa Clara,Games,1,A little too slow,8
121,,Santa Clara,Apps,1,A little too slow,8
122,,Santa Clara,Apps,1,A little too slow,8
123,,Santa Clara,Games,1,Just right,8
124,,Santa Clara,"Apps, Explorer",1,Just right,8
125,,Santa Clara,Apps,1,Just right,8
126,,Santa Clara,"Apps, Explorer",1,Just right,8
127,,Santa Clara,"Apps, Explorer",1,Just right,8
128,,Oakland,Apps,1,A little too fast,8
129,,San Francisco,Games,1,Just right,8
130,,Santa Clara,Games,1,Just right,8
131,,San Francisco,Games,1,A little too slow,8
132,,San Francisco,Games,1,A little too slow,8
133,,Santa Clara,Games,1,Just right,8
134,,Oakland,Apps,1,A little too fast,8
135,,San Francisco,Apps,1,Just right,8
136,,San Francisco,Games,1,Just right,8
137,,San Francisco,Apps,1,A little too fast,8
138,,San Francisco,"Apps, Explorer",1,Just right,8
139,,San Francisco,"Apps, Explorer",1,A little too slow,8
140,,Santa Clara,Apps,1,A little too fast,8
141,,Santa Clara,Games,1,A little too slow,8
142,,Redwood City,Apps,2,A little too slow,8
143,,Redwood City,Apps,2,A little too fast,8
144,,Redwood City,Apps,2,A little too fast,8
145,,Chicago,Apps,2,Just right,8
146,,Chicago,"Apps, Explorer",2,A little too fast,8
147,,Santa Clara,Apps,2,A little too fast,8
148,,Santa Clara,Apps,2,A little too fast,8
149,,Santa Clara,"Apps, Explorer",2,Just right,8
150,,Santa Clara,Apps,2,A little too fast,8
151,,Santa Clara,Games,2,Just right,8
152,,Santa Clara,Apps,2,Just right,8
153,,Santa Clara,Apps,2,Just right,8
154,,Santa Clara,Apps,2,A little too fast,8
155,,Santa Clara,Apps,2,Just right,8
156,,Santa Clara,Games,2,Just right,8
157,,San Francisco,VR,2,A little too fast,8
158,,San Francisco,VR,2,Just right,8
159,,Los Angeles,Apps,2,A little too slow,8
160,,Los Angeles,Apps,2,Just right,8
161,,Los Angeles,Apps,2,A little too fast,8
162,,San Francisco,"Apps, Explorer",2,Just right,8
163,,Los Angeles,Apps,2,Just right,8
164,,Los Angeles,Games,2,Just right,8
165,,San Francisco,Games,2,Just right,8
166,,Santa Clara,"Apps, Explorer",2,Just right,8
167,,San Francisco,"Apps, Explorer",2,A little too slow,8
168,,San Francisco,Apps,2,A little too fast,8
169,,,,2,A little too fast,8
170,,San Francisco,"Apps, Explorer",2,Just right,8
171,,San Francisco,Apps,2,A little too fast,8
172,,San Francisco,Apps,2,Just right,8
173,,San Francisco,"Apps, Explorer",2,Just right,8
174,,San Francisco,Apps,2,Just right,8
175,,San Francisco,Apps,2,Just right,8
176,,Los Angeles,Apps,2,A little too fast,8
177,,San Francisco,Apps,2,Just right,8
178,,San Francisco,Apps,2,Just right,8
179,,San Francisco,Apps,2,Just right,8
180,,San Francisco,Apps,2,Just right,8
181,,Santa Clara,Apps,2,Just right,8
182,,Atlanta,Apps,2,Just right,8
183,,Washington DC,Apps,1,Just right,8
184,,Washington DC,Apps,1,Just right,8
185,,Washington DC,"Apps, Explorer",1,Just right,8
186,,Washington DC,Apps,1,A little too slow,8
187,,New York City,Apps,1,A little too slow,8
188,,San Francisco,Apps,3,Just right,8
189,,San Francisco,Apps,3,A little too fast,8
190,,San Francisco,Apps,3,A little too fast,8
191,,San Francisco,Apps,3,A little too fast,8
192,,Redwood City,Apps,3,Just right,8
193,,Washington DC,Apps,2,A little too fast,8
194,,Washington DC,"Apps, Explorer",2,A little too fast,8
195,,New York City,Apps,1,A little too slow,8
196,,New York City,Apps,1,Just right,8
197,,New York City,Apps,1,A little too slow,8
198,,New York City,"Games, Explorer",1,Just right,8
199,,New York City,Games,1,A little too slow,8
200,,New York City,Apps,1,Just right,8
201,,New York City,Apps,1,A little too fast,8
202,,New York City,Games,1,A little too fast,8
203,,New York City,Games,1,A little too fast,8
204,,Atlanta,Apps,3,Just right,8
205,,,,1,Just right,8
206,,Atlanta,"Apps, Explorer",3,Just right,8
207,,New York City,Apps,1,Just right,8
208,,New York City,Apps,1,Just right,8
209,,Atlanta,"Apps, Explorer",3,Just right,8
210,,New York City,Apps,1,Just right,8
211,,New York City,"Games, Explorer",1,Just right,8
212,,New York City,Games,1,Just right,8
213,,New York City,Apps,1,Just right,8
214,,San Francisco,Apps,3,A little too fast,8
215,,Chicago,Apps,3,A little too fast,8
216,,Chicago,Apps,3,Just right,8
217,,Chicago,Apps,3,Just right,8
218,,Chicago,"Apps, Explorer",3,Just right,8
219,,San Francisco,VR,3,A little too slow,8
220,,Santa Clara,Apps,3,A little too fast,8
221,,Santa Clara,Apps,3,Just right,8
222,,Santa Clara,Games,3,Just right,8
223,,Santa Clara,Apps,3,A little too fast,8
224,,Santa Clara,Games,3,A little too slow,8
225,,Santa Clara,"Apps, Explorer",3,Just right,8
226,,Santa Clara,Games,3,A little too slow,8
227,,Los Angeles,Apps,3,Just right,8
228,,Los Angeles,Apps,3,Just right,8
229,,Los Angeles,Games,3,A little too fast,8
230,,Los Angeles,Apps,3,A little too fast,8
231,,Los Angeles,Apps,3,A little too fast,8
232,,,,3,Just right,8
233,,San Francisco,Apps,3,Just right,8
234,,Santa Clara,Apps,3,A little too fast,8
235,,San Francisco,"Apps, Explorer",3,Just right,8
236,,Santa Clara,Games,3,Just right,8
237,,San Francisco,"Apps, Explorer",3,Just right,8
238,,San Francisco,Games,3,Just right,8
239,,San Francisco,"Apps, Explorer",3,Just right,8
240,,San Francisco,"Apps, Explorer",3,Just right,8
241,,San Francisco,"Apps, Explorer",3,Just right,8
242,,Washington DC,Apps,2,Just right,8
243,,San Francisco,Apps,3,A little too fast,8
244,,San Francisco,"Apps, Explorer",3,Just right,8
245,,Washington DC,Apps,2,A little too fast,8
246,,Washington DC,Apps,2,Just right,8
247,,San Francisco,Games,3,A little too slow,8
248,,Oakland,Apps,3,Just right,8
249,,New York City,Apps,1,Just right,8
250,,New York City,Apps,1,Just right,8
251,,New York City,Apps,1,A little too fast,8
252,,New York City,Apps,1,Just right,8
253,,New York City,"Apps, Explorer",1,A little too fast,8
254,,New York City,Apps,1,Just right,8
255,,New York City,Apps,1,Just right,8
256,,Atlanta,"Apps, Explorer",1,Just right,9
257,,Redwood City,Apps,1,Just right,9
258,,Los Angeles,Games,1,Just right,9
259,,Los Angeles,Apps,1,Just right,9
260,,Los Angeles,Apps,1,A little too fast,9
261,,Los Angeles,Games,1,Just right,9
262,,San Francisco,VR,1,Just right,9
263,,San Francisco,Apps,1,Just right,9
264,,San Francisco,Apps,1,Just right,9
265,,San Francisco,Apps,1,Just right,9
266,,San Francisco,Apps,1,Just right,9
267,,San Francisco,Apps,1,Just right,9
268,,Santa Clara,"Games, Explorer",1,Just right,9
269,,Santa Clara,Apps,1,A little too fast,9
270,,Santa Clara,Apps,1,A little too fast,9
271,,Santa Clara,"Games, Explorer",1,Just right,9
272,,Santa Clara,Apps,1,A little too fast,9
273,,Santa Clara,Apps,1,Just right,9
274,,Santa Clara,Games,1,Just right,9
275,,San Francisco,Games,1,A little too fast,9
276,,Santa Clara,Games,1,Just right,9
277,,San Francisco,Apps,1,A little too fast,9
278,,San Francisco,Games,1,A little too fast,9
279,,San Francisco,"Apps, Explorer",1,Just right,9
280,,San Francisco,Apps,1,Just right,9
281,,San Francisco,"Apps, Explorer",1,Just right,9
282,,San Francisco,Apps,1,Just right,9
283,,Redwood City,Apps,2,Just right,9
284,,Redwood City,Apps,2,Just right,9
285,,Redwood City,Apps,2,Just right,9
286,,Redwood City,Apps,2,A little too fast,9
287,,Chicago,Apps,2,A little too fast,9
288,,Chicago,Apps,2,Just right,9
289,,Chicago,"Apps, Explorer",2,A little too fast,9
290,,Santa Clara,Games,2,Way too slow,9
291,,Santa Clara,Games,2,A little too slow,9
292,,Santa Clara,"Apps, Explorer",2,Just right,9
293,,Santa Clara,Games,2,Just right,9
294,,Santa Clara,Games,2,Just right,9
295,,Santa Clara,Games,2,A little too slow,9
296,,Santa Clara,"Games, Explorer",2,Just right,9
297,,Santa Clara,"Games, Explorer",2,A little too fast,9
298,,Santa Clara,Apps,2,A little too fast,9
299,,San Francisco,VR,2,A little too slow,9
300,,San Francisco,VR,2,Just right,9
301,,San Francisco,VR,2,Just right,9
302,,Los Angeles,Apps,2,A little too fast,9
303,,Los Angeles,Games,2,Just right,9
304,,Los Angeles,Apps,2,Just right,9
305,,Los Angeles,Games,2,A little too slow,9
306,,Los Angeles,Apps,2,A little too fast,9
307,,Santa Clara,Apps,2,Just right,9
308,,Los Angeles,Games,2,Just right,9
309,,Oakland,Apps,2,Just right,9
310,,San Francisco,"Apps, Explorer",2,A little too slow,9
311,,San Francisco,Apps,2,Just right,9
312,,,,2,A little too fast,9
313,,San Francisco,Apps,2,Just right,9
314,,San Francisco,Games,2,Just right,9
315,,San Francisco,Apps,2,Just right,9
316,,San Francisco,"Apps, Explorer",2,A little too slow,9
317,,San Francisco,Apps,2,Just right,9
318,,San Francisco,Apps,2,A little too fast,9
319,,San Francisco,Games,2,Just right,9
320,,Atlanta,"Apps, Explorer",2,Just right,9
321,,Santa Clara,Apps,2,Just right,9
322,,San Francisco,Games,2,A little too slow,9
323,,Atlanta,"Apps, Explorer",2,A little too fast,9
324,,Washington DC,Apps,1,Just right,9
325,,Washington DC,"Apps, Explorer",1,Just right,9
326,,San Francisco,Games,2,Just right,9
327,,San Francisco,"Apps, Explorer",2,Just right,9
328,,San Francisco,Games,2,A little too slow,9
329,,San Francisco,Apps,3,Just right,9
330,,San Francisco,Apps,3,Just right,9
331,,Redwood City,Apps,3,Just right,9
332,,Redwood City,Apps,3,A little too fast,9
333,,Redwood City,Apps,3,Just right,9
334,,Washington DC,"Apps, Explorer",2,Just right,9
335,,Washington DC,Apps,2,A little too slow,9
336,,Redwood City,Apps,3,Just right,9
337,,New York City,Games,1,Just right,9
338,,Atlanta,"Apps, Explorer",3,Just right,9
339,,San Francisco,VR,3,Just right,9
340,,Chicago,Apps,3,Just right,9
341,,Chicago,"Apps, Explorer",3,Just right,9
342,,Santa Clara,Apps,3,Just right,9
343,,Santa Clara,Apps,3,Just right,9
344,,Santa Clara,Games,3,Just right,9
345,,Santa Clara,"Apps, Explorer",3,A little too fast,9
346,,Santa Clara,"Apps, Explorer",3,Just right,9
347,,Santa Clara,Apps,3,Just right,9
348,,Los Angeles,Apps,3,A little too slow,9
349,,Los Angeles,Apps,3,Just right,9
350,,Santa Clara,"Games, Explorer",3,Just right,9
351,,Los Angeles,Games,3,Just right,9
352,,Santa Clara,"Games, Explorer",3,A little too fast,9
353,,Santa Clara,Apps,3,Just right,9
354,,Santa Clara,Apps,3,Just right,9
355,,San Francisco,Games,3,Just right,9
356,,San Francisco,"Apps, Explorer",3,Just right,9
357,,San Francisco,"Apps, Explorer",3,A little too fast,9
358,,San Francisco,Games,3,Just right,9
359,,San Francisco,VR,3,Just right,9
360,,San Francisco,VR,3,A little too fast,9
361,,San Francisco,Apps,3,Just right,9
362,,San Francisco,Apps,3,Just right,9
363,,San Francisco,Apps,3,Just right,9
364,,San Francisco,Games,3,Just right,9
365,,San Francisco,Apps,3,A little too fast,9
366,,Oakland,Apps,3,Just right,9
367,,Oakland,Apps,3,Just right,9
368,,San Francisco,"Apps, Explorer",3,A little too fast,9
369,,Santa Clara,"Games, Explorer",3,Just right,9
370,,San Francisco,Games,3,Just right,9
371,,New York City,Apps,1,Just right,9
372,,New York City,Apps,1,Just right,9
373,,New York City,Apps,1,A little too slow,9
374,,New York City,Apps,1,Just right,9
375,,New York City,"Games, Explorer",1,Just right,9
376,,Atlanta,Apps,1,Just right,10
377,,Atlanta,"Apps, Explorer",1,Just right,10
378,,Redwood City,Apps,1,Just right,10
379,,Redwood City,Apps,1,Just right,10
380,,Redwood City,Apps,1,Just right,10
381,,Redwood City,Apps,1,A little too fast,10
382,,Los Angeles,Apps,1,Just right,10
383,,Chicago,Apps,1,Just right,10
384,,Chicago,"Apps, Explorer",1,Just right,10
385,,Chicago,Apps,1,A little too fast,10
386,,San Francisco,VR,1,Just right,10
387,,San Francisco,VR,1,A little too slow,10
388,,San Francisco,VR,1,A little too fast,10
389,,San Francisco,VR,1,Just right,10
390,,San Francisco,VR,1,Just right,10
391,,San Francisco,VR,1,Just right,10
392,,San Francisco,Apps,1,Just right,10
393,,San Francisco,Apps,1,Just right,10
394,,San Francisco,Apps,1,Just right,10
395,,San Francisco,Apps,1,Just right,10
396,,Oakland,"Apps, Explorer",1,Just right,10
397,,Santa Clara,"Apps, Explorer",1,A little too fast,10
398,,San Francisco,Games,1,Just right,10
399,,Santa Clara,Apps,1,A little too fast,10
400,,San Francisco,Games,1,Just right,10
401,,San Francisco,Games,1,Just right,10
402,,San Francisco,Games,1,A little too fast,10
403,,San Francisco,Games,1,A little too slow,10
404,,San Francisco,Games,1,Just right,10
405,,Oakland,Apps,1,Just right,10
406,,Oakland,Apps,1,A little too slow,10
407,,Los Angeles,Apps,1,Just right,10
408,,Los Angeles,Apps,1,Just right,10
409,,Los Angeles,Apps,1,Just right,10
410,,Redwood City,Apps,2,Just right,10
411,,Chicago,Apps,2,A little too fast,10
412,,Santa Clara,Apps,2,A little too fast,10
413,,San Francisco,VR,2,A little too slow,10
414,,San Francisco,VR,2,A little too fast,10
415,,San Francisco,VR,2,Just right,10
416,,San Francisco,VR,2,Just right,10
417,,San Francisco,VR,2,Just right,10
418,,Los Angeles,Apps,2,A little too slow,10
419,,Los Angeles,Apps,2,Just right,10
420,,Los Angeles,Apps,2,Just right,10
421,,Santa Clara,"Apps, Explorer",2,A little too fast,10
422,,Atlanta,Apps,2,Just right,10
423,,San Francisco,Apps,2,Just right,10
424,,San Francisco,"Apps, Explorer",2,A little too fast,10
425,,San Francisco,Apps,2,A little too fast,10
426,,Chicago,Apps,2,Just right,10
427,,San Francisco,Games,2,Just right,10
428,,Atlanta,Apps,2,Just right,10
429,,Atlanta,"Apps, Explorer",2,A little too fast,10
430,,Washington DC,Apps,1,Just right,10
431,,Washington DC,"Apps, Explorer",1,Just right,10
432,,Washington DC,Apps,1,Just right,10
433,,Oakland,Apps,2,A little too fast,10
434,,Redwood City,Apps,3,Just right,10
435,,Washington DC,"Apps, Explorer",2,Just right,10
436,,New York City,Apps,1,A little too fast,10
437,,San Francisco,VR,3,Just right,10
438,,Atlanta,Apps,3,Just right,10
439,,,,1,Just right,10
440,,New York City,Apps,1,Just right,10
441,,New York City,Apps,1,Just right,10
442,,Atlanta,Apps,3,Just right,10
443,,Atlanta,"Apps, Explorer",3,Just right,10
444,,San Francisco,VR,3,A little too fast,10
445,,Atlanta,Apps,3,Just right,10
446,,Chicago,Apps,3,A little too fast,10
447,,Chicago,Apps,3,Just right,10
448,,Chicago,Apps,3,Just right,10
449,,San Francisco,VR,3,Just right,10
450,,San Francisco,VR,3,Just right,10
451,,Santa Clara,Apps,3,Just right,10
452,,Los Angeles,Games,3,Just right,10
453,,Los Angeles,Apps,3,Just right,10
454,,Los Angeles,Apps,3,Just right,10
455,,Los Angeles,Apps,3,Just right,10
456,,Los Angeles,Games,3,Just right,10
457,,Los Angeles,Apps,3,Just right,10
458,,Los Angeles,Apps,3,Just right,10
459,,San Francisco,"Apps, Explorer",3,A little too fast,10
460,,Los Angeles,Apps,3,Just right,10
461,,San Francisco,Games,3,Just right,10
462,,San Francisco,Apps,3,Just right,10
463,,San Francisco,Games,3,Just right,10
464,,San Francisco,Apps,3,Just right,10
465,,San Francisco,Apps,3,Just right,10
466,,San Francisco,Games,3,A little too fast,10
467,,San Francisco,"Apps, Explorer",3,Just right,10
468,,San Francisco,Apps,3,Just right,10
469,,San Francisco,Apps,3,Just right,10
470,,Washington DC,Apps,2,Just right,10
471,,Oakland,Apps,3,Just right,10
472,,Santa Clara,Apps,3,Just right,10
473,,Santa Clara,Apps,3,A little too fast,10
474,,New York City,Apps,1,Just right,10
475,,New York City,"Apps, Explorer",1,Just right,10
476,,New York City,"Apps, Explorer",1,Just right,10
477,,New York City,"Apps, Explorer",1,Just right,10
478,,Los Angeles,Apps,3,A little too fast,9
479,,New York City,Apps,1,Just right,7
480,,New York City,Apps,1,Just right,7
481,,Santa Clara,"Apps, Explorer",3,Just right,8
482,,Oakland,"Apps, Explorer",3,Just right,7
483,,Oakland,Apps,3,A little too fast,10
484,,Santa Clara,Games,3,Just right,7
485,,San Francisco,Apps,3,Just right,9
486,,Oakland,Apps,3,A little too fast,8
487,,San Francisco,Games,3,Just right,8
488,,San Francisco,Apps,3,A little too fast,7
489,,San Francisco,"Apps, Explorer",3,Just right,7
490,,San Francisco,Games,3,Just right,8
491,,San Francisco,Games,3,Just right,10
492,,San Francisco,Games,3,A little too slow,10
493,,San Francisco,Games,3,A little too slow,10
494,,Oakland,"Apps, Explorer",3,Just right,10
495,,San Francisco,Apps,3,Just right,10
496,,New York City,Games,1,Just right,9
497,,San Francisco,Apps,3,A little too fast,8
498,,San Francisco,Apps,3,Just right,9
499,,San Francisco,Apps,3,Just right,8
500,,San Francisco,Games,3,A little too fast,9
501,,San Francisco,Apps,3,Just right,10
502,,Oakland,Apps,3,A little too fast,9
503,,San Francisco,Games,3,Just right,10
504,,San Francisco,"Apps, Explorer",3,Just right,7
505,,Santa Clara,Games,3,Just right,10
506,,New York City,"Apps, Explorer",1,Just right,8
507,,New York City,"Games, Explorer",1,Just right,10
508,,,,2,A little too fast,7
509,,Washington DC,Apps,2,A little too fast,10
510,,,,1,Just right,7
511,,Washington DC,"Apps, Explorer",2,Just right,6
512,,San Francisco,VR,3,Just right,8
513,,New York City,Apps,1,Just right,7
514,,New York City,Apps,1,Just right,8
515,,San Francisco,VR,3,Just right,10
516,,Santa Clara,Apps,3,Just right,8
517,,San Francisco,Games,2,Just right,9
518,,New York City,Apps,1,Just right,8
519,,San Francisco,Apps,3,Just right,9
520,,Hong Kong,"Apps, Explorer",1,A little too fast,7
521,,Hong Kong,"Apps, Explorer",1,Just right,8
522,,Hong Kong,"Apps, Explorer",1,A little too fast,7
523,,Hong Kong,"Apps, Explorer",1,Just right,5
524,,Hong Kong,Apps,1,A little too slow,9
525,,Hong Kong,"Apps, Explorer",1,Just right,7
526,,Santa Clara,Apps,4,Just right,8
527,,Santa Clara,"Apps, Explorer",4,Just right,8
528,,Santa Clara,"Apps, Explorer",4,Just right,8
529,,Santa Clara,Apps,4,Just right,9
530,,Santa Clara,Apps,4,Just right,7
531,,Santa Clara,Apps,4,Just right,5
532,,Santa Clara,Apps,4,Just right,9
533,,Santa Clara,Apps,4,A little too fast,7
534,,Santa Clara,Apps,4,Just right,7
535,,Santa Clara,Apps,4,Just right,10
536,,Santa Clara,"Games, Explorer",4,Just right,10
537,,Redwood City,Apps,4,Just right,9
538,,Redwood City,Apps,4,Just right,10
539,,Redwood City,Apps,4,Just right,7
540,,Redwood City,Apps,4,Just right,9
541,,Redwood City,Apps,4,Just right,10
542,,Redwood City,Apps,4,Just right,8
543,,Redwood City,Apps,4,Just right,9
544,,Washington DC,Apps,3,Just right,8
545,,Washington DC,"Apps, Explorer",3,A little too fast,9
546,,Washington DC,Apps,3,A little too fast,7
547,,Washington DC,Apps,3,Just right,9
548,,,,2,A little too fast,10
549,,New York City,Apps,2,Just right,10
550,,,,2,A little too fast,4
551,,New York City,Apps,2,A little too fast,7
552,,New York City,Apps,2,Just right,8
553,,New York City,Apps,2,Just right,8
554,,New York City,Apps,2,Just right,5
555,,New York City,Apps,2,A little too fast,8
556,,,,2,Just right,8
557,,New York City,Apps,2,A little too slow,9
558,,New York City,Apps,2,Just right,10
559,,New York City,Apps,2,A little too slow,8
560,,New York City,Apps,2,A little too slow,9
561,,New York City,Apps,2,Just right,6
562,,New York City,Apps,2,Just right,8
563,,New York City,Apps,2,A little too slow,9
564,,New York City,"Games, Explorer",2,Just right,9
565,,New York City,Apps,2,Just right,8
566,,New York City,Games,2,Just right,9
567,,New York City,Games,2,Just right,9
568,,New York City,Games,2,Just right,10
569,,,,2,A little too fast,6
570,,New York City,Apps,2,Just right,6
571,,New York City,Apps,2,Just right,9
572,,New York City,Apps,2,Just right,9
573,,New York City,Games,2,Just right,9
574,,New York City,"Games, Explorer",2,Just right,10
575,,New York City,"Apps, Explorer",2,Just right,7
576,,New York City,"Apps, Explorer",2,Just right,10
577,,,,2,Way too fast,0
578,,New York City,Games,2,Just right,8
579,,New York City,Games,2,Just right,10
580,,New York City,Apps,2,Just right,9
581,,New York City,"Apps, Explorer",2,Just right,10
582,,New York City,"Apps, Explorer",2,Just right,10
583,,New York City,Apps,2,A little too fast,10
584,,New York City,Apps,2,Just right,9
585,,New York City,"Games, Explorer",2,Just right,10
586,,New York City,"Apps, Explorer",2,Just right,9
587,,New York City,Games,2,Just right,7
588,,New York City,Games,2,Just right,9
589,,New York City,"Games, Explorer",2,Just right,7
590,,New York City,"Apps, Explorer",2,Way too fast,3
591,,New York City,Apps,2,Just right,5
592,,New York City,"Apps, Explorer",2,Just right,8
593,,Atlanta,Apps,4,Just right,9
594,,Atlanta,Apps,4,Just right,9
595,,,,4,Just right,10
596,,Redwood City,Apps,4,Just right,9
597,,Atlanta,"Apps, Explorer",4,A little too fast,10
598,,Atlanta,"Apps, Explorer",4,Just right,9
599,,New York City,Apps,2,Just right,8
600,,Atlanta,"Apps, Explorer",4,Just right,10
601,,Redwood City,Apps,4,Just right,8
602,,Chicago,Apps,4,A little too fast,10
603,,Chicago,Apps,4,Just right,8
604,,Chicago,Apps,4,Just right,9
605,,Chicago,Apps,4,A little too fast,9
606,,Chicago,Apps,4,A little too fast,9
607,,Chicago,Apps,4,Just right,8
608,,Chicago,"Apps, Explorer",4,Just right,7
609,,Oakland,Apps,4,A little too fast,7
610,,Los Angeles,Games,4,Just right,10
611,,Los Angeles,Apps,4,A little too fast,8
612,,Los Angeles,Games,4,Just right,10
613,,Oakland,Apps,4,Just right,9
614,,Los Angeles,Games,4,Just right,9
615,,Los Angeles,Games,4,Just right,10
616,,Los Angeles,Apps,4,A little too slow,8
617,,Santa Clara,"Apps, Explorer",4,Just right,8
618,,Santa Clara,Apps,4,Just right,9
619,,Santa Clara,Apps,4,Just right,9
620,,Santa Clara,Apps,4,Just right,9
621,,Los Angeles,Apps,4,Just right,10
622,,Los Angeles,Apps,4,Just right,10
623,,Los Angeles,Apps,4,Just right,9
624,,San Francisco,Apps,4,Just right,10
625,,San Francisco,Apps,4,Just right,8
626,,San Francisco,"Apps, Explorer",4,A little too fast,8
627,,San Francisco,Games,4,Just right,8
628,,San Francisco,Games,4,Just right,9
629,,San Francisco,Games,4,Just right,10
630,,San Francisco,Apps,4,Just right,6
631,,San Francisco,Games,4,Just right,8
632,,San Francisco,Apps,4,Just right,9
633,,San Francisco,Games,4,A little too slow,9
634,,San Francisco,Apps,4,A little too fast,8
635,,San Francisco,Apps,4,Just right,9
636,,San Francisco,Apps,4,A little too fast,7
637,,San Francisco,Apps,4,Just right,9
638,,Santa Clara,Games,4,Just right,8
639,,San Francisco,Games,4,Just right,9
640,,San Francisco,"Apps, Explorer",4,Just right,7
641,,San Francisco,VR,4,Just right,10
642,,San Francisco,"Apps, Explorer",4,Way too fast,8
643,,San Francisco,VR,4,Just right,8
644,,Santa Clara,Apps,4,Just right,8
645,,San Francisco,VR,4,A little too fast,6
646,,San Francisco,Apps,4,Just right,9
647,,San Francisco,"Apps, Explorer",4,Just right,7
648,,San Francisco,Apps,4,Just right,3
649,,San Francisco,VR,4,A little too fast,10
650,,San Francisco,VR,4,Just right,4
651,,Santa Clara,"Games, Explorer",4,A little too fast,9
652,,San Francisco,"Apps, Explorer",4,Just right,8
653,,San Francisco,VR,4,Just right,9
654,,San Francisco,VR,4,Just right,8
655,,San Francisco,Apps,4,Just right,7
656,,Santa Clara,Games,4,Just right,8
657,,Santa Clara,Apps,4,Just right,10
658,,Santa Clara,Games,4,Just right,7
659,,San Francisco,"Apps, Explorer",4,A little too slow,9
660,,San Francisco,Games,4,A little too fast,8
661,,San Francisco,"Apps, Explorer",4,Just right,10
662,,San Francisco,Apps,4,A little too fast,6
663,,Los Angeles,Apps,4,Just right,10
664,,San Francisco,"Apps, Explorer",4,Way too fast,8
665,,Santa Clara,Games,4,Just right,8
666,,San Francisco,Games,4,Just right,10
667,,San Francisco,"Apps, Explorer",4,Just right,7
668,,Santa Clara,Games,4,A little too slow,6
669,,San Francisco,Games,4,Just right,9
670,,San Francisco,VR,4,Just right,9
671,,San Francisco,Apps,4,A little too fast,8
672,,Santa Clara,Games,4,Just right,9
673,,San Francisco,Apps,4,Just right,5
674,,San Francisco,VR,4,Just right,10
675,,San Francisco,VR,4,A little too fast,7
676,,San Francisco,Apps,4,Just right,8
677,,Los Angeles,Apps,4,Just right,9
678,,San Francisco,"Apps, Explorer",4,Just right,3
679,,San Francisco,Apps,4,Just right,9
680,,Chicago,"Apps, Explorer",4,A little too fast,9
681,,Oakland,"Apps, Explorer",4,A little too fast,7
682,,San Francisco,"Apps, Explorer",4,Just right,4
683,,Los Angeles,Apps,4,A little too fast,9
684,,Los Angeles,Apps,4,Just right,8
685,,Washington DC,Apps,3,Just right,10
686,,San Francisco,Apps,4,Just right,10
687,,Santa Clara,Apps,4,Just right,8
688,,New York City,Apps,2,A little too fast,8
689,,San Francisco,Games,4,Just right,10
690,,San Francisco,"Apps, Explorer",4,Just right,8
691,,Oakland,Apps,4,A little too slow,9
692,,San Francisco,Apps,4,Just right,10
693,,San Francisco,"Apps, Explorer",4,Just right,10
694,,Oakland,Apps,4,A little too slow,7
695,,Chicago,Apps,4,Just right,10
696,,Oakland,Apps,4,Just right,8
697,,New York City,Apps,2,Just right,9
698,,New York City,Apps,2,A little too fast,8
699,,New York City,Apps,2,Just right,7
700,,New York City,Apps,2,Just right,10
701,,New York City,Apps,2,Just right,8
702,,New York City,"Apps, Explorer",2,Just right,10
703,,New York City,Apps,2,Just right,7
704,,,,2,A little too fast,7
705,,Santa Clara,Apps,4,Just right,8
706,,Santa Clara,Apps,4,Just right,8
707,,Santa Clara,Apps,4,Just right,7
708,,Santa Clara,Games,4,Just right,9
709,,Santa Clara,Games,4,Just right,10
710,,Redwood City,Apps,4,Just right,7
711,,Oakland,Apps,4,A little too fast,9
712,,Santa Clara,"Games, Explorer",4,Just right,7
713,,San Francisco,Games,4,Just right,10
714,,San Francisco,Games,4,Just right,9
715,,San Francisco,Apps,4,A little too fast,6
716,,New York City,Apps,2,Just right,9
717,,New York City,Apps,3,A little too fast,10
718,,New York City,Apps,2,Just right,8
719,,New York City,Apps,2,Just right,8
720,,New York City,Games,2,A little too slow,8
721,,San Francisco,Apps,4,A little too fast,5
722,,Oakland,"Apps, Explorer",4,Just right,10
723,,San Francisco,Apps,4,Just right,8
724,,New York City,Apps,2,Just right,10
725,,San Francisco,Apps,4,Just right,8
726,,San Francisco,Apps,4,Just right,9
727,,Hong Kong,"Apps, Explorer",2,A little too slow,6
728,,,,1,A little too fast,9
729,,Hong Kong,"Apps, Explorer",2,A little too fast,8
730,,Beijing,Apps,1,Just right,10
731,,Beijing,Apps,1,A little too slow,9
732,,Beijing,Apps,1,Just right,9
733,,Beijing,"Apps, Explorer",1,Just right,10
734,,Beijing,Apps,1,A little too fast,9
735,,Hong Kong,"Apps, Explorer",2,A little too fast,8
736,,Beijing,Apps,1,Just right,8
737,,Beijing,Apps,1,Just right,9
738,,Beijing,Apps,1,A little too slow,8
739,,Beijing,Apps,1,A little too fast,9
740,,Beijing,Apps,1,Way too fast,9
741,,Beijing,Apps,1,A little too fast,10
742,,Beijing,Apps,1,Just right,7
743,,Beijing,Apps,1,Just right,10
744,,Beijing,Apps,1,Just right,10
745,,Beijing,Apps,1,Just right,7
746,,Beijing,Apps,1,A little too fast,10
747,,Beijing,Apps,1,A little too fast,8
748,,Beijing,Apps,1,Just right,8
749,,Beijing,Apps,1,Just right,9
750,,Beijing,Apps,1,Way too fast,10
751,,Beijing,Apps,1,Just right,9
752,,Hong Kong,"Apps, Explorer",2,A little too fast,6
753,,Beijing,Apps,1,Just right,9
754,,Beijing,Apps,1,Just right,9
755,,Beijing,Apps,1,Just right,9
756,,Beijing,Apps,1,A little too slow,10
757,,Beijing,Apps,1,A little too fast,10
758,,Beijing,Apps,1,Just right,10
759,,Beijing,Apps,1,A little too fast,9
760,,Beijing,Apps,1,Just right,7
761,,Beijing,Apps,1,Just right,10
762,,Beijing,Apps,1,A little too fast,9
763,,Beijing,Apps,1,A little too fast,8
764,,Beijing,Apps,1,Just right,9
765,,Beijing,Apps,1,Just right,10
766,,Beijing,Apps,1,A little too fast,7
767,,Beijing,Apps,1,A little too slow,9
768,,Beijing,Apps,1,A little too slow,7
769,,Hong Kong,"Apps, Explorer",2,A little too fast,8
770,,Beijing,Apps,2,A little too fast,10
771,,Redwood City,Apps,5,Just right,7
772,,San Francisco,VR,5,Just right,10
773,,San Francisco,VR,5,Just right,10
774,,Redwood City,Apps,5,Just right,10
775,,Redwood City,Apps,5,Just right,10
776,,Redwood City,Apps,5,Just right,7
777,,Redwood City,Apps,5,Just right,8
778,,Redwood City,Apps,5,Just right,8
779,,Redwood City,Apps,5,Just right,10
780,,Oakland,Apps,5,Just right,10
781,,Washington DC,"Apps, Explorer",4,A little too fast,9
782,,Washington DC,"Apps, Explorer",4,Just right,9
783,,Atlanta,Apps,5,Just right,9
784,,Redwood City,Apps,5,Just right,9
785,,New York City,Apps,3,Just right,10
786,,New York City,Games,3,Just right,9
787,,New York City,"Apps, Explorer",3,Just right,10
788,,New York City,Games,3,Just right,8
789,,New York City,Apps,3,Just right,8
790,,New York City,"Games, Explorer",3,Just right,9
791,,New York City,Apps,3,Just right,10
792,,New York City,Apps,3,Just right,8
793,,Atlanta,"Apps, Explorer",5,Just right,9
794,,New York City,Apps,3,Just right,9
795,,New York City,"Apps, Explorer",3,Way too fast,1
796,,New York City,Apps,3,Just right,9
797,,New York City,Games,3,Just right,9
798,,New York City,"Apps, Explorer",3,Just right,8
799,,New York City,"Apps, Explorer",3,Just right,8
800,,New York City,Apps,3,A little too slow,9
801,,New York City,Apps,3,Just right,8
802,,New York City,Games,3,Just right,9
803,,New York City,Apps,3,Just right,8
804,,New York City,Apps,3,Just right,8
805,,New York City,Apps,3,Just right,8
806,,New York City,Apps,3,A little too fast,9
807,,New York City,Apps,3,A little too fast,3
808,,,,3,A little too fast,7
809,,New York City,Apps,3,A little too fast,9
810,,,,3,Just right,10
811,,Redwood City,Apps,5,Just right,9
812,,New York City,"Apps, Explorer",3,Just right,10
813,,New York City,Games,3,Just right,9
814,,New York City,"Apps, Explorer",3,Just right,10
815,,New York City,Apps,3,A little too slow,6
816,,New York City,Games,3,Just right,6
817,,New York City,"Games, Explorer",3,Just right,9
818,,New York City,Apps,3,Just right,9
819,,New York City,Apps,3,Just right,9
820,,New York City,Apps,3,A little too fast,8
821,,Atlanta,Apps,5,Just right,10
822,,New York City,Apps,3,Just right,7
823,,New York City,Apps,3,Just right,10
824,,New York City,Apps,3,Just right,10
825,,New York City,Apps,3,Just right,6
826,,New York City,Games,3,Just right,9
827,,New York City,"Games, Explorer",3,Just right,10
828,,New York City,"Games, Explorer",3,Just right,7
829,,Atlanta,Apps,5,Just right,9
830,,San Francisco,VR,5,Just right,10
831,,San Francisco,"Apps, Explorer",5,Just right,8
832,,Washington DC,Apps,4,Just right,8
833,,Chicago,Apps,5,A little too fast,9
834,,Chicago,Apps,5,Just right,10
835,,Chicago,Apps,5,A little too fast,9
836,,Chicago,Apps,5,A little too fast,10
837,,Chicago,Apps,5,Just right,7
838,,Chicago,"Apps, Explorer",5,A little too fast,7
839,,Chicago,Apps,5,Just right,8
840,,Chicago,Apps,5,Just right,8
841,,Chicago,Apps,5,A little too fast,9
842,,Chicago,"Apps, Explorer",5,Just right,8
843,,Oakland,Apps,5,Just right,8
844,,Oakland,"Apps, Explorer",5,Just right,10
845,,San Francisco,VR,5,Just right,10
846,,San Francisco,VR,5,Just right,9
847,,San Francisco,VR,5,Just right,10
848,,Los Angeles,Apps,5,Just right,10
849,,Los Angeles,Games,5,A little too slow,7
850,,Santa Clara,"Apps, Explorer",5,A little too fast,10
851,,Santa Clara,Apps,5,Just right,10
852,,Los Angeles,Games,5,Just right,10
853,,Los Angeles,Apps,5,Just right,10
854,,Los Angeles,Apps,5,A little too slow,6
855,,Los Angeles,Games,5,Just right,8
856,,Los Angeles,Apps,5,A little too slow,9
857,,Los Angeles,Apps,5,Just right,9
858,,Santa Clara,Apps,5,Just right,9
859,,San Francisco,Games,5,Just right,9
860,,San Francisco,Games,4,Just right,9
861,,San Francisco,"Apps, Explorer",5,Just right,8
862,,San Francisco,Apps,5,A little too fast,9
863,,San Francisco,Apps,5,Just right,10
864,,San Francisco,Games,5,Just right,8
865,,San Francisco,Games,5,A little too fast,10
866,,San Francisco,Apps,5,Just right,8
867,,San Francisco,"Apps, Explorer",5,Just right,7
868,,San Francisco,"Apps, Explorer",5,Just right,8
869,,San Francisco,Apps,5,Just right,10
870,,San Francisco,Games,5,A little too fast,9
871,,San Francisco,Games,5,A little too fast,10
872,,San Francisco,"Apps, Explorer",5,Just right,8
873,,San Francisco,Apps,5,Just right,8
874,,San Francisco,Apps,5,Just right,9
875,,San Francisco,Games,5,Just right,8
876,,San Francisco,Apps,5,Just right,9
877,,San Francisco,Games,5,Just right,8
878,,San Francisco,Apps,5,Just right,6
879,,San Francisco,"Apps, Explorer",5,A little too fast,8
880,,San Francisco,Apps,5,Just right,8
881,,,,5,A little too fast,9
882,,San Francisco,Apps,5,Just right,9
883,,Oakland,Apps,5,Just right,7
884,,Santa Clara,Games,5,Just right,8
885,,San Francisco,Apps,5,Just right,10
886,,San Francisco,Games,5,Just right,10
887,,San Francisco,"Apps, Explorer",5,Just right,10
888,,Santa Clara,Apps,5,Just right,7
889,,San Francisco,Apps,5,Just right,6
890,,San Francisco,Apps,5,Just right,6
891,,Santa Clara,Games,5,Just right,4
892,,Los Angeles,Games,5,Just right,8
893,,Los Angeles,Apps,5,Just right,8
894,,San Francisco,VR,5,Just right,10
895,,Oakland,Apps,5,Just right,9
896,,San Francisco,Games,5,A little too slow,9
897,,San Francisco,"Apps, Explorer",5,Just right,10
898,,Santa Clara,"Games, Explorer",5,Just right,8
899,,Oakland,Apps,5,A little too fast,7
900,,Santa Clara,Apps,5,Just right,7
901,,Santa Clara,"Games, Explorer",5,A little too fast,9
902,,Santa Clara,"Apps, Explorer",5,Just right,5
903,,Santa Clara,Apps,5,Just right,8
904,,Santa Clara,"Apps, Explorer",5,Just right,8
905,,San Francisco,Apps,5,Just right,7
906,,Santa Clara,Apps,5,A little too fast,9
907,,Santa Clara,Games,5,A little too fast,8
908,,Santa Clara,Games,5,A little too fast,9
909,,Santa Clara,Games,5,Just right,10
910,,San Francisco,"Apps, Explorer",5,Just right,8
911,,Santa Clara,Games,5,A little too fast,7
912,,Los Angeles,Apps,5,Just right,10
913,,Oakland,Apps,5,Just right,10
914,,Santa Clara,Apps,5,A little too fast,9
915,,Santa Clara,Games,5,Just right,9
916,,San Francisco,Apps,5,A little too fast,7
917,,Santa Clara,Apps,5,Just right,8
918,,Oakland,Apps,5,Just right,9
919,,San Francisco,Apps,5,Just right,9
920,,San Francisco,"Apps, Explorer",5,Just right,10
921,,San Francisco,Games,5,Just right,10
922,,New York City,Apps,3,Just right,10
923,,Santa Clara,Games,5,Just right,9
924,,San Francisco,Apps,5,Just right,10
925,,Washington DC,Apps,4,Just right,10
926,,Oakland,"Apps, Explorer",5,Just right,7
927,,San Francisco,"Apps, Explorer",5,Just right,9
928,,San Francisco,Apps,5,A little too fast,8
929,,Atlanta,"Apps, Explorer",4,A little too fast,10
930,,Redwood City,Apps,5,A little too fast,9
931,,Santa Clara,Apps,5,A little too fast,10
932,,Santa Clara,Apps,5,A little too fast,7
933,,Los Angeles,Apps,5,Just right,10
934,,New York City,"Apps, Explorer",3,Just right,7
935,,,,3,Just right,10
936,,New York City,Apps,3,Just right,7
937,,New York City,Apps,3,Just right,9
938,,New York City,Games,3,Just right,9
939,,New York City,Apps,3,Just right,8
940,,,,3,Just right,7
941,,New York City,Apps,3,Just right,8
942,,Atlanta,"Apps, Explorer",5,Just right,10
943,,Washington DC,Apps,3,A little too fast,6
944,,Santa Clara,Apps,5,Just right,9
945,,Santa Clara,Apps,5,Just right,9
946,,Santa Clara,Apps,5,Just right,8
947,,Santa Clara,Apps,5,Just right,8
948,,Santa Clara,Apps,5,A little too fast,8
949,,San Francisco,Apps,5,Just right,7
950,,New York City,"Apps, Explorer",3,Just right,9
951,,Chicago,"Apps, Explorer",5,Just right,10
952,,New York City,Apps,3,A little too slow,5
953,,San Francisco,"Apps, Explorer",5,Just right,10
954,,Washington DC,"Apps, Explorer",4,Just right,10
955,,Tokyo,Apps,1,Way too fast,4
956,,Beijing,Apps,2,Just right,8
957,,Beijing,Apps,2,Just right,10
958,,Beijing,Apps,2,A little too fast,8
959,,,,2,Just right,9
960,,Beijing,Apps,2,A little too fast,9
961,,Beijing,Apps,2,A little too fast,9
962,,Beijing,Apps,2,Just right,8
963,,Beijing,Apps,2,Just right,7
964,,Beijing,Apps,2,Just right,9
965,,Beijing,Apps,2,A little too slow,9
966,,Beijing,Apps,2,A little too fast,10
967,,Beijing,Apps,2,A little too fast,9
968,,Beijing,Apps,2,Just right,8
969,,Beijing,Apps,2,Just right,10
970,,Beijing,Apps,2,Just right,8
971,,Beijing,"Apps, Explorer",2,Just right,10
972,,Beijing,Apps,2,Just right,9
973,,Beijing,Apps,2,A little too fast,8
974,,Beijing,Apps,2,Just right,8
975,,Beijing,Apps,2,A little too fast,8
976,,Beijing,Apps,2,Just right,9
977,,Beijing,Apps,2,Just right,8
978,,Beijing,Apps,2,A little too fast,8
979,,Beijing,Apps,2,Just right,10
980,,Beijing,Apps,2,Just right,8
981,,Beijing,Apps,2,Just right,10
982,,Beijing,Apps,2,Just right,9
983,,Beijing,Apps,2,A little too fast,9
984,,Beijing,Apps,2,A little too slow,10
985,,Beijing,Apps,2,A little too fast,10
986,,Beijing,Apps,2,A little too fast,8
987,,Beijing,Apps,2,Just right,8
988,,Beijing,Apps,2,Just right,10
989,,Beijing,Apps,2,Just right,9
990,,Tokyo,Apps,1,Just right,9
991,,Tokyo,Apps,1,A little too fast,4
992,,Tokyo,Apps,1,A little too fast,8
993,,Tokyo,Apps,1,Just right,9
994,,Tokyo,Apps,1,A little too fast,5
995,,Redwood City,Apps,6,Just right,7
996,,San Francisco,VR,6,Just right,9
997,,San Francisco,VR,6,Just right,10
998,,Washington DC,Apps,5,Just right,7
999,,Washington DC,Apps,5,Just right,10
1000,,Washington DC,"Apps, Explorer",5,A little too fast,9
1001,,San Francisco,VR,6,Just right,10
1002,,Redwood City,Apps,6,Just right,7
1003,,Redwood City,Apps,6,Just right,10
1004,,Redwood City,Apps,6,Just right,6
1005,,Redwood City,Apps,6,Just right,8
1006,,Redwood City,Apps,6,A little too fast,9
1007,,Redwood City,Apps,6,Just right,9
1008,,Washington DC,Apps,5,A little too slow,8
1009,,New York City,Games,4,Just right,10
1010,,New York City,Apps,4,A little too slow,10
1011,,New York City,Games,4,Just right,10
1012,,New York City,Games,4,A little too slow,9
1013,,New York City,Apps,4,A little too fast,4
1014,,New York City,Apps,4,Just right,8
1015,,New York City,Apps,4,Just right,7
1016,,New York City,Apps,4,Just right,8
1017,,New York City,Apps,4,Just right,8
1018,,New York City,Apps,4,Just right,8
1019,,New York City,Games,4,Just right,6
1020,,New York City,Apps,4,Just right,8
1021,,New York City,Apps,4,Just right,7
1022,,New York City,Games,4,Just right,9
1023,,New York City,Apps,4,Just right,9
1024,,New York City,"Apps, Explorer",4,Just right,8
1025,,New York City,Apps,4,Just right,9
1026,,New York City,Apps,4,Just right,10
1027,,New York City,"Apps, Explorer",4,Way too fast,7
1028,,New York City,Apps,4,A little too fast,9
1029,,New York City,Apps,4,Just right,8
1030,,New York City,Games,4,Just right,10
1031,,New York City,Apps,4,Just right,9
1032,,New York City,Apps,4,Just right,9
1033,,New York City,"Games, Explorer",4,Just right,8
1034,,New York City,Apps,4,Just right,8
1035,,New York City,"Games, Explorer",4,Just right,10
1036,,New York City,"Games, Explorer",4,Just right,10
1037,,New York City,Apps,4,Just right,7
1038,,Santa Clara,Apps,6,A little too fast,10
1039,,Santa Clara,Apps,6,Just right,8
1040,,Chicago,Apps,6,Just right,8
1041,,Chicago,Apps,6,A little too fast,9
1042,,Chicago,Apps,6,Way too fast,6
1043,,Chicago,Apps,6,Just right,10
1044,,Chicago,"Apps, Explorer",6,A little too fast,7
1045,,Chicago,"Apps, Explorer",6,Just right,7
1046,,New York City,"Games, Explorer",4,Just right,9
1047,,Los Angeles,Apps,6,Just right,9
1048,,Los Angeles,Apps,6,Just right,8
1049,,San Francisco,Games,6,Just right,8
1050,,San Francisco,Games,6,Just right,8
1051,,Los Angeles,Apps,6,Just right,10
1052,,San Francisco,Games,6,Just right,10
1053,,San Francisco,Apps,6,A little too fast,10
1054,,Los Angeles,Apps,6,Just right,7
1055,,Los Angeles,Apps,6,Just right,10
1056,,San Francisco,Apps,6,Just right,7
1057,,San Francisco,"Apps, Explorer",6,Just right,9
1058,,San Francisco,Apps,6,Just right,10
1059,,Los Angeles,Apps,6,Just right,10
1060,,Los Angeles,Games,6,Just right,9
1061,,Los Angeles,Apps,6,Just right,9
1062,,San Francisco,Apps,6,Just right,9
1063,,San Francisco,"Apps, Explorer",6,Just right,8
1064,,San Francisco,Apps,6,Just right,10
1065,,San Francisco,Apps,6,Just right,10
1066,,San Francisco,"Apps, Explorer",6,Just right,8
1067,,San Francisco,Apps,6,Just right,9
1068,,San Francisco,VR,6,Just right,10
1069,,San Francisco,Apps,6,Just right,8
1070,,San Francisco,Apps,6,A little too slow,8
1071,,Santa Clara,Apps,6,Just right,8
1072,,Santa Clara,Games,6,Just right,8
1073,,Santa Clara,Games,6,A little too fast,7
1074,,Santa Clara,Apps,6,Just right,9
1075,,Santa Clara,Apps,6,Just right,9
1076,,Santa Clara,"Apps, Explorer",6,Just right,9
1077,,Santa Clara,Games,6,Just right,8
1078,,Santa Clara,"Apps, Explorer",6,Just right,5
1079,,Los Angeles,Games,6,Just right,9
1080,,San Francisco,Apps,6,Just right,10
1081,,Los Angeles,Games,6,Just right,8
1082,,Santa Clara,Apps,6,A little too fast,9
1083,,Santa Clara,Apps,6,Just right,10
1084,,Santa Clara,Games,6,Just right,10
1085,,Santa Clara,Games,6,Just right,10
1086,,Santa Clara,Apps,6,A little too fast,9
1087,,San Francisco,"Apps, Explorer",6,Just right,9
1088,,Santa Clara,Games,6,Just right,9
1089,,San Francisco,VR,6,Just right,10
1090,,Los Angeles,Apps,6,Just right,7
1091,,San Francisco,Apps,6,Just right,9
1092,,Chicago,Apps,6,Just right,9
1093,,New York City,Apps,4,Just right,10
1094,,San Francisco,"Apps, Explorer",6,Just right,8
1095,,San Francisco,Apps,6,Just right,7
1096,,San Francisco,Apps,6,Just right,8
1097,,Oakland,Apps,6,Just right,9
1098,,San Francisco,Games,6,Just right,9
1099,,Tokyo,Apps,1,Just right,10
1100,,Santa Clara,Apps,6,Just right,8
1101,,Santa Clara,Apps,6,A little too fast,7
1102,,,,1,Just right,9
1103,,Tokyo,Apps,1,Just right,9
1104,,,,1,Just right,9
1105,,Tokyo,Apps,1,A little too slow,8
1106,,,,1,Just right,8
1107,,Tokyo,Apps,1,A little too fast,10
1108,,,,1,A little too fast,9
1109,,San Francisco,Apps,6,Just right,8
1110,,New York City,Apps,4,Just right,5
1111,,Tokyo,Apps,1,Just right,9
1112,,,,1,Just right,10
1113,,Tokyo,Apps,1,Just right,8
1114,,Tokyo,Apps,1,A little too slow,4
1115,,Tokyo,Apps,1,Just right,7
1116,,Tokyo,Apps,1,A little too fast,7
1117,,San Francisco,Apps,6,A little too fast,2
1118,,Tokyo,Apps,1,Just right,10
1119,,Tokyo,Apps,1,Just right,10
1120,,,,1,Just right,9
1121,,,,2,Just right,10
1122,,Tokyo,Apps,1,A little too fast,8
1123,,Los Angeles,Apps,6,Just right,8
1124,,Tokyo,Apps,1,Just right,8
1125,,Tokyo,Apps,1,A little too fast,8
1126,,Tokyo,Apps,1,Just right,10
1127,,Tokyo,Apps,1,Just right,10
1128,,Tokyo,Apps,1,A little too fast,7
1129,,Tokyo,Apps,1,Just right,10
1130,,Tokyo,Apps,1,Just right,10
1131,,Tokyo,Apps,1,Just right,8
1132,,New York City,"Apps, Explorer",4,A little too fast,5
1133,,New York City,Apps,4,Just right,10
1134,,New York City,Apps,4,Just right,8
1135,,New York City,"Apps, Explorer",4,Just right,8
1136,,New York City,Apps,4,Just right,5
1137,,New York City,"Apps, Explorer",4,Just right,8
1138,,New York City,Games,4,Just right,9
1139,,New York City,"Apps, Explorer",4,A little too fast,8
1140,,,,4,Just right,7
1141,,,,4,Just right,10
1142,,New York City,"Apps, Explorer",4,Just right,10
1143,,New York City,Apps,4,Just right,9
1144,,New York City,Apps,4,A little too fast,6
1145,,Chicago,"Apps, Explorer",6,A little too fast,9
1146,,New York City,Apps,4,Just right,9
1147,,New York City,Apps,4,Just right,10
1148,,Chicago,Apps,6,A little too fast,10
1149,,Chicago,Apps,6,Just right,9
1150,,Santa Clara,Apps,6,Just right,10
1151,,Santa Clara,"Games, Explorer",6,Just right,8
1152,,Santa Clara,"Apps, Explorer",6,Just right,10
1153,,Oakland,"Apps, Explorer",6,Just right,10
1154,,Oakland,Apps,6,Just right,9
1155,,Santa Clara,"Games, Explorer",6,A little too fast,10
1156,,Oakland,Apps,6,Just right,9
1157,,,,4,Way too slow,7
1158,,San Francisco,Apps,6,Just right,3
1159,,Santa Clara,Apps,6,Just right,9
1160,,Santa Clara,Apps,6,Just right,8
1161,,Santa Clara,Apps,6,Just right,10
1162,,Tokyo,Apps,1,A little too fast,10
1163,,New York City,Apps,4,Just right,6
1164,,New York City,Games,4,Just right,9
1165,,Santa Clara,Apps,6,Just right,8
1166,,Santa Clara,"Apps, Explorer",6,Just right,8
1167,,San Francisco,"Apps, Explorer",6,Just right,9
1168,,Tokyo,Apps,2,Just right,10
1169,,Tokyo,Apps,2,A little too fast,7
1170,,Tokyo,Apps,2,A little too fast,8
1171,,Tokyo,Apps,2,Just right,6
1172,,Tokyo,Apps,2,Just right,9
1173,,Tokyo,Apps,2,Just right,10
1174,,Tokyo,Apps,2,Just right,7
1175,,Tokyo,Apps,2,Just right,10
1176,,Tokyo,Apps,2,A little too fast,9
1177,,Tokyo,Apps,2,A little too fast,3
1178,,,,2,A little too fast,7
1179,,Tokyo,Apps,2,A little too fast,6
1180,,Tokyo,Apps,2,Just right,9
1181,,Tokyo,Apps,2,Just right,10
1182,,Tokyo,Apps,2,Just right,10
1183,,Tokyo,Apps,2,A little too slow,10
1184,,Tokyo,Apps,2,A little too fast,8
1185,,Tokyo,Apps,2,A little too fast,7
1186,,Tokyo,Apps,2,Just right,10
1187,,,,2,Way too fast,10
1188,,Tokyo,Apps,2,Just right,7
1189,,,,3,Just right,10
1190,,Tokyo,Apps,2,A little too fast,8
1191,,Tokyo,Apps,2,Just right,7
1192,,Tokyo,Apps,2,A little too fast,8
1193,,Tokyo,Apps,2,A little too fast,10
1194,,Tokyo,Apps,2,Way too fast,7
1195,,Tokyo,Apps,2,Just right,5
1196,,Tokyo,Apps,2,Just right,10
1197,,San Francisco,VR,7,A little too fast,7
1198,,San Francisco,VR,7,Just right,10
1199,,San Francisco,VR,7,A little too fast,10
1200,,San Francisco,VR,7,Just right,8
1201,,San Francisco,VR,7,Just right,10
1202,,San Francisco,VR,7,Just right,10
1203,,San Francisco,VR,7,Just right,9
1204,,Washington DC,"Apps, Explorer",6,A little too fast,8
1205,,Washington DC,Apps,6,Just right,8
1206,,Washington DC,Apps,6,A little too slow,9
1207,,Washington DC,"Apps, Explorer",6,Just right,7
1208,,Washington DC,"Apps, Explorer",6,A little too fast,7
1209,,New York City,Games,5,Just right,10
1210,,New York City,Apps,5,Just right,10
1211,,New York City,Apps,5,Just right,7
1212,,New York City,Games,5,Just right,10
1213,,New York City,Games,5,Just right,9
1214,,New York City,Apps,5,Just right,9
1215,,New York City,Apps,5,A little too fast,0
1216,,New York City,Apps,5,Just right,8
1217,,New York City,"Games, Explorer",5,Just right,10
1218,,New York City,"Apps, Explorer",5,A little too fast,8
1219,,New York City,"Games, Explorer",5,Just right,10
1220,,New York City,Apps,5,Just right,9
1221,,New York City,Apps,5,Just right,8
1222,,New York City,Apps,5,Just right,8
1223,,New York City,Apps,4,Just right,7
1224,,New York City,Games,5,Just right,9
1225,,New York City,Games,5,Just right,10
1226,,New York City,Apps,5,Just right,10
1227,,New York City,Apps,5,Just right,7
1228,,New York City,Apps,5,Just right,10
1229,,New York City,"Apps, Explorer",5,Just right,4
1230,,New York City,"Apps, Explorer",5,A little too fast,6
1231,,New York City,"Apps, Explorer",5,Just right,8
1232,,New York City,Games,5,Just right,9
1233,,New York City,"Apps, Explorer",5,Just right,10
1234,,New York City,Apps,5,Just right,5
1235,,,,5,Just right,10
1236,,New York City,Apps,5,Just right,7
1237,,New York City,Apps,5,Just right,8
1238,,New York City,"Games, Explorer",5,Just right,8
1239,,New York City,Games,5,Just right,10
1240,,New York City,Apps,5,Just right,5
1241,,New York City,"Games, Explorer",5,Just right,10
1242,,New York City,Apps,5,Just right,10
1243,,New York City,"Apps, Explorer",5,Just right,8
1244,,Chicago,Apps,7,A little too fast,9
1245,,Chicago,Apps,6,Just right,7
1246,,Chicago,"Apps, Explorer",5,Just right,8
1247,,Chicago,Apps,7,A little too fast,8
1248,,Chicago,Apps,7,Just right,10
1249,,Chicago,Apps,7,Just right,9
1250,,Chicago,Apps,7,Just right,10
1251,,Chicago,Apps,7,Just right,9
1252,,Oakland,Apps,7,Just right,9
1253,,Chicago,Apps,7,Just right,9
1254,,Chicago,"Apps, Explorer",7,Just right,7
1255,,Oakland,Apps,7,Just right,9
1256,,Redwood City,Apps,7,Just right,8
1257,,Oakland,Apps,7,A little too fast,7
1258,,Los Angeles,Apps,7,Just right,10
1259,,Los Angeles,Apps,7,Just right,8
1260,,Los Angeles,Games,7,A little too fast,7
1261,,Los Angeles,Apps,7,Just right,9
1262,,Los Angeles,Games,7,Just right,10
1263,,Santa Clara,Games,7,Just right,10
1264,,San Francisco,Apps,7,Just right,9
1265,,San Francisco,Apps,7,Just right,10
1266,,San Francisco,Apps,7,Just right,10
1267,,San Francisco,"Apps, Explorer",7,Just right,9
1268,,San Francisco,Apps,7,Just right,9
1269,,Santa Clara,Apps,7,Just right,10
1270,,Santa Clara,Apps,7,Just right,9
1271,,Santa Clara,Apps,7,A little too fast,7
1272,,Santa Clara,Apps,7,Just right,9
1273,,Santa Clara,Apps,7,Way too fast,8
1274,,Santa Clara,"Apps, Explorer",7,Just right,9
1275,,San Francisco,Apps,7,Just right,7
1276,,Santa Clara,Apps,7,Just right,10
1277,,Santa Clara,"Apps, Explorer",7,Just right,7
1278,,Santa Clara,Games,7,Just right,8
1279,,Los Angeles,Apps,7,Just right,10
1280,,San Francisco,Apps,7,Just right,9
1281,,Santa Clara,Apps,7,Just right,9
1282,,Santa Clara,Apps,7,Just right,9
1283,,Santa Clara,Apps,7,Just right,7
1284,,Santa Clara,Apps,7,A little too fast,9
1285,,Santa Clara,Apps,7,Just right,8
1286,,Santa Clara,Games,7,Just right,10
1287,,Santa Clara,Games,7,Just right,5
1288,,San Francisco,Apps,7,Just right,7
1289,,San Francisco,Apps,7,Just right,5
1290,,Los Angeles,Apps,7,Just right,9
1291,,San Francisco,Apps,7,Just right,9
1292,,Los Angeles,Apps,7,Just right,6
1293,,San Francisco,"Apps, Explorer",7,Just right,10
1294,,Santa Clara,Apps,7,Just right,9
1295,,San Francisco,Apps,7,Just right,6
1296,,San Francisco,Apps,7,Just right,10
1297,,Los Angeles,Apps,7,Just right,9
1298,,San Francisco,Apps,7,Just right,9
1299,,Los Angeles,Games,7,Just right,9
1300,,San Francisco,"Apps, Explorer",7,Just right,9
1301,,Los Angeles,Games,7,Just right,8
1302,,San Francisco,Apps,7,Just right,8
1303,,San Francisco,Apps,7,Just right,8
1304,,Santa Clara,Games,7,Just right,10
1305,,Santa Clara,Apps,7,A little too fast,8
1306,,San Francisco,Games,7,A little too slow,9
1307,,San Francisco,Apps,7,Just right,10
1308,,San Francisco,Apps,7,Just right,10
1309,,San Francisco,"Apps, Explorer",7,Just right,10
1311,,New York City,Apps,5,Just right,2
1312,,San Francisco,Apps,7,Just right,10
1313,,Beijing,Apps,3,Just right,10
1314,,Oakland,Apps,6,A little too fast,8
1315,,New York City,Apps,5,Just right,8
1316,,San Francisco,Apps,7,Just right,10
1317,,Oakland,Apps,7,Just right,8
1318,,Beijing,Apps,3,A little too fast,8
1319,,Beijing,Apps,3,Just right,10
1320,,Beijing,Apps,3,Just right,10
1321,,Beijing,Apps,3,Just right,10
1323,,New York City,Games,5,Just right,8
1324,,Tokyo,Apps,2,A little too slow,10
1325,,Santa Clara,Apps,7,Just right,9
1326,,Santa Clara,Apps,7,Just right,9
1327,,Beijing,Apps,3,Just right,10
1328,,New York City,Games,5,Just right,9
1329,,New York City,Apps,5,Just right,9
1330,,Tokyo,Apps,2,A little too slow,7
1331,,New York City,Apps,5,Just right,7
1332,,New York City,Apps,5,Just right,8
1333,,New York City,Apps,5,Just right,7
1334,,New York City,Apps,5,Just right,9
1335,,,,5,Just right,5
1336,,New York City,Apps,5,Way too fast,9
1337,,Beijing,Apps,3,Just right,9
1338,,New York City,"Apps, Explorer",5,Just right,9
1339,,New York City,Apps,5,A little too slow,6
1340,,,,2,Just right,10
1341,,Santa Clara,"Games, Explorer",7,Just right,8
1342,,Santa Clara,"Apps, Explorer",7,A little too fast,9
1343,,San Francisco,Apps,7,Just right,10
1344,,Los Angeles,Apps,7,Just right,9
1345,,San Francisco,Apps,7,Just right,8
1346,,Los Angeles,Apps,7,A little too fast,9
1347,,New York City,Apps,5,Just right,6
1348,,New York City,Apps,5,Just right,9
1349,,San Francisco,Games,7,Just right,9
1350,,Oakland,Apps,7,Just right,9
1351,,San Francisco,"Apps, Explorer",7,Just right,7
1352,,Tokyo,Apps,3,Just right,6
1353,,Tokyo,Apps,3,A little too fast,9
1354,,San Francisco,VR,8,Just right,10
1355,,New York City,Apps,6,Just right,9
1356,,New York City,Apps,6,Just right,6
1357,,New York City,Apps,6,Just right,8
1358,,New York City,Apps,6,Just right,10
1359,,New York City,"Apps, Explorer",6,Just right,8
1360,,New York City,Apps,6,Just right,7
1361,,New York City,Games,6,Just right,10
1362,,New York City,Apps,6,Just right,10
1363,,New York City,Apps,6,A little too fast,7
1364,,New York City,Games,6,Just right,10
1365,,New York City,Apps,6,Just right,9
1366,,New York City,"Games, Explorer",6,Just right,10
1367,,New York City,Games,6,Just right,8
1368,,New York City,Apps,6,Just right,8
1369,,New York City,Games,6,Just right,10
1370,,New York City,Apps,6,Just right,8
1371,,New York City,Apps,6,Just right,8
1372,,New York City,Apps,6,Just right,10
1373,,New York City,Games,6,Just right,10
1374,,New York City,Games,6,Just right,10
1375,,New York City,Apps,6,Just right,8
1376,,New York City,Apps,6,Way too fast,6
1377,,New York City,Games,6,Just right,9
1378,,New York City,Apps,6,Just right,8
1379,,New York City,Apps,6,Just right,10
1380,,New York City,Apps,6,Just right,8
1381,,New York City,Apps,6,A little too fast,8
1382,,New York City,Apps,6,Just right,9
1383,,New York City,"Games, Explorer",6,Just right,10
1384,,New York City,Games,6,Just right,10
1385,,New York City,Apps,6,A little too fast,8
1386,,New York City,"Apps, Explorer",6,A little too fast,7
1387,,New York City,Apps,6,Just right,6
1388,,New York City,"Games, Explorer",6,Just right,7
1389,,New York City,"Apps, Explorer",6,Just right,10
1390,,New York City,"Apps, Explorer",6,Just right,8
1391,,New York City,Apps,6,A little too fast,7
1392,,New York City,"Games, Explorer",6,Just right,10
1393,,New York City,Apps,6,Just right,8
1394,,New York City,Apps,6,Just right,9
1395,,Los Angeles,Games,8,Way too fast,7
1396,,Los Angeles,Apps,8,Just right,9
1397,,Los Angeles,Games,8,Just right,9
1398,,Los Angeles,Apps,8,Just right,10
1399,,Los Angeles,Games,8,A little too slow,9
1400,,Los Angeles,Apps,8,Just right,10
1401,,Tokyo,Apps,3,A little too fast,9
1402,,Tokyo,Apps,3,Just right,10
1403,,Tokyo,Apps,3,Just right,10
1404,,New York City,"Apps, Explorer",6,Just right,8
1405,,,,7,Just right,7
1406,,New York City,"Apps, Explorer",6,Just right,10
1407,,Washington DC,"Apps, Explorer",7,Just right,5
1408,,New York City,Apps,6,Just right,8
1409,,New York City,Apps,6,Just right,10
1410,,,,6,Just right,10
1412,,Tokyo,Apps,3,Just right,9
1413,,Tokyo,Apps,3,A little too fast,9
1414,,New York City,Apps,6,Just right,10
1415,,Los Angeles,Apps,8,A little too fast,10
1416,,Tokyo,Apps,3,Just right,10
1417,,Tokyo,Apps,3,Just right,8
1418,,Los Angeles,Games,8,A little too slow,8
1419,,Tokyo,Apps,3,Just right,8
1420,,New York City,Games,7,Just right,10
1421,,New York City,"Games, Explorer",7,Just right,10
1422,,New York City,Games,7,A little too fast,10
1423,,New York City,Games,7,Just right,10
1424,,New York City,Apps,7,Just right,8
1425,,New York City,Games,7,Just right,9
1426,,New York City,"Games, Explorer",7,Just right,10
1427,,New York City,Games,7,Just right,9
1428,,New York City,Apps,7,Just right,9
1429,,New York City,Apps,7,A little too fast,8
1430,,New York City,Games,7,Just right,10
1431,,New York City,Apps,7,Just right,10
1432,,New York City,Games,7,Just right,9
1433,,New York City,Apps,7,Just right,9
1434,,New York City,Apps,7,Just right,10
1435,,New York City,Apps,7,Just right,8
1436,,New York City,Apps,7,A little too fast,7
1437,,New York City,"Apps, Explorer",7,Way too fast,7
1438,,New York City,Apps,7,Just right,7
1439,,New York City,Apps,7,Just right,9
1440,,New York City,Apps,7,Just right,8
1441,,New York City,"Games, Explorer",7,Just right,7
1442,,New York City,"Apps, Explorer",7,Just right,10
1443,,New York City,"Apps, Explorer",7,Just right,10
1444,,New York City,Games,7,A little too fast,9
1445,,New York City,Apps,7,Just right,9
1446,,New York City,Apps,7,Just right,3
1447,,New York City,"Games, Explorer",7,Just right,10
1448,,New York City,"Apps, Explorer",7,Just right,10
1449,,New York City,"Apps, Explorer",7,Just right,8
1450,,New York City,Apps,7,Just right,10
1451,,New York City,"Apps, Explorer",7,A little too slow,1
1452,,New York City,Apps,5,Just right,8